Date,Category,League,Event,Event result,Type of bet,Selection,Odds,Bookmaker,Stake (in units),Profit,Result,Tipster,Sport,Publication date
2016-02-13 18:30:00,Austria,tipp3-Bundesliga,SV GRODIG vs ADMIRA WACKER,2-2 (0-1),Asian handicap,ADMIRA WACKER +0.25,1.94,,60,28.20,Half win,Amar Sidran,Football,2016-02-13 15:49:02
2016-02-12 20:00:00,France,Ligue 2,BOURG PERONNAS vs STADE LAVALLOIS MFC,0-0 (0-0),Asian handicap,STADE LAVALLOIS MFC +0.25,2.04,,60,31.20,Half win,Amar Sidran,Football,2016-02-12 17:17:02
2016-02-11 19:45:00,Turkey,Turkish Cup,BASAKSEHIR FK vs CAYKUR RIZESPOR,0-2 (0-1),Asian handicap,CAYKUR RIZESPOR +0.50,2.08,,60,64.80,Win,Amar Sidran,Football,2016-02-11 08:52:02
2016-02-09 20:30:00,Germany,DFB Pokal,VFB STUTTGART vs BORUSSIA DORTMUND,1-3 (1-2),Asian handicap,VFB STUTTGART +1.00,2.03,,60,-60.00,Lost,Amar Sidran,Football,2016-02-09 11:16:01
2016-02-07 17:00:00,Spain,Liga Adelante,RCD MALLORCA vs ATHLETIC BILBAO B,2-3 (1-1),Asian handicap,RCD MALLORCA -1.00,2.00,,50,-50.00,Lost,Amar Sidran,Football,2016-02-07 11:50:05
2016-02-06 19:45:00,Netherlands,Eredivisie,SC HEERENVEEN vs FC TWENTE ENSCHEDE,1-3 (1-1),Asian handicap,FC TWENTE ENSCHEDE +0.75,1.83,,60,49.80,Win,Amar Sidran,Football,2016-02-06 09:25:02
2016-02-06 15:30:00,Germany,Bundesliga,FC SCHALKE 04 vs VFL WOLFSBURG,3-0 (2-0),Over / Under,Over +2.75,2.20,,60,36.00,Half win,Amar Sidran,Football,2016-02-06 12:32:02
2016-02-05 21:30:00,Portugal,Liga Sagres,CF OS BELENENSES vs BENFICA LISBON,0-5 (0-1),Over / Under,Over +2.75,1.87,,40,34.80,Win,Amar Sidran,Football,2016-02-05 11:51:01
2016-02-03 22:30:00,Brazil,Paulista Serie A1,CAPIVARIANO SP vs RED BULL BRASIL SP,0-2 (0-0),Asian handicap,RED BULL BRASIL SP +0,1.97,,50,48.50,Win,Amar Sidran,Football,2016-02-03 19:31:02
2016-02-03 20:45:00,Netherlands,KNVB beker,RODA JC KERKRADE vs FEYENOORD ROTTERDAM,0-0 (0-0),Asian handicap,RODA JC KERKRADE +0.50,1.99,,40,39.60,Win,Amar Sidran,Football,2016-02-03 11:44:05
2016-02-02 21:00:00,England,Premier League,WEST BROMWICH ALBION vs SWANSEA CITY,1-1 (0-0),Asian handicap,SWANSEA CITY +0,2.13,,40,0.00,Void,Amar Sidran,Football,2016-02-01 18:40:03
2016-02-01 20:30:00,Spain,Liga BBVA,DEPORTIVO LA CORUNA vs RAYO VALLECANO,2-2 (1-2),Asian handicap,RAYO VALLECANO +0.75,1.80,,50,40.00,Win,Amar Sidran,Football,2016-02-01 18:49:04
2016-01-31 15:30:00,Germany,Bundesliga,VFL WOLFSBURG vs 1 FC COLOGNE,1-1 (0-0),Over / Under,Over +2.75,1.89,,60,-60.00,Lost,Amar Sidran,Football,2016-01-31 12:38:02
2016-01-31 14:30:00,Netherlands,Eredivisie,CAMBUUR LEEUWARDEN vs SC HEERENVEEN,0-1 (0-0),Asian handicap,SC HEERENVEEN +0,1.79,,60,47.40,Win,Amar Sidran,Football,2016-01-31 13:01:02
2016-01-30 20:00:00,Belgium,Jupiler Pro League,ROYAL CHARLEROI SC vs YELLOW-RED KV MECHELEN,3-2 (1-2),Over / Under,Over +2.50,1.98,,40,39.20,Win,Amar Sidran,Football,2016-01-30 14:32:03
2016-01-30 14:00:00,Germany,3.Liga,ERZGEBIRGE AUE vs VFB STUTTGART II,1-0 (0-0),Asian handicap,ERZGEBIRGE AUE -1.00,1.96,,60,0.00,Void,Amar Sidran,Football,2016-01-30 12:41:02
2016-01-29 20:00:00,Netherlands,Jupiler League,FC OSS vs FC DORDRECHT,2-3 (2-2),Asian handicap,FC OSS +0.25,1.82,,60,-60.00,Lost,Amar Sidran,Football,2016-01-29 15:10:02
2016-01-29 20:00:00,Netherlands,Eredivisie,WILLEM II TILBURG vs HERACLES ALMELO,0-0 (0-0),Asian handicap,HERACLES ALMELO +0.25,2.19,,50,29.75,Half win,Amar Sidran,Football,2016-01-29 09:52:02
2016-01-27 18:30:00,Netherlands,Eredivisie,NEC NIJMEGEN vs FC TWENTE ENSCHEDE,2-0 (0-0),Asian handicap,FC TWENTE ENSCHEDE +0.25,2.14,,50,-50.00,Lost,Amar Sidran,Football,2016-01-27 10:33:05
2016-01-25 20:00:00,Netherlands,Jupiler League,JONG AJAX vs NAC BREDA,2-1 (0-0),Asian handicap,NAC BREDA -1.00,1.93,,70,-70.00,Lost,Amar Sidran,Football,2016-01-25 14:26:02
2016-01-24 15:30:00,Germany,Bundesliga,EINTRACHT FRANKFURT vs VFL WOLFSBURG,3-2 (0-1),Over / Under,Over +2.75,1.90,,60,54.00,Win,Amar Sidran,Football,2016-01-24 11:42:02
2016-01-23 19:30:00,Portugal,Liga Sagres,BENFICA LISBON vs FC AROUCA,3-1 (2-0),Over / Under,Over +2.75,1.84,,60,50.40,Win,Amar Sidran,Football,2016-01-23 15:27:03
2016-01-22 20:30:00,Germany,Bundesliga,HAMBURGER SV vs BAYERN MUNICH,1-2 (0-1),Asian handicap,HAMBURGER SV +2.00,1.93,,60,55.80,Win,Amar Sidran,Football,2016-01-21 20:05:02
2016-01-21 21:00:00,Spain,Copa del Rey,SEVILLA FC vs CD MIRANDES,2-0 (1-0),Asian Handicap 1st Half,SEVILLA FC -0.75 Half time,1.89,,60,26.70,Half win,Amar Sidran,Football,2016-01-21 17:24:02
2016-01-20 20:45:00,England,FA Cup,LEICESTER CITY vs TOTTENHAM HOTSPUR,0-2 (0-1),Asian handicap,TOTTENHAM HOTSPUR +0,1.80,,60,48.00,Win,Amar Sidran,Football,2016-01-20 17:04:02
2016-01-19 20:45:00,England,FA Cup,MILTON KEYNES DONS vs NORTHAMPTON TOWN,3-0 (0-0),Asian handicap,NORTHAMPTON TOWN +0.25,1.93,,60,-60.00,Lost,Amar Sidran,Football,2016-01-19 18:58:02
2016-01-17 20:45:00,Italy,Serie A,AC MILAN vs AC FIORENTINA,2-0 (1-0),Asian handicap,AC FIORENTINA +0.25,1.84,,60,-60.00,Lost,Amar Sidran,Football,2016-01-17 19:39:07
2016-01-17 16:15:00,Greece,Super League,PAOK FC vs VEROIA FC,2-1 (1-0),Asian handicap,PAOK FC -2.00,1.98,,60,-60.00,Lost,Amar Sidran,Football,2016-01-17 14:18:02
2016-01-16 19:45:00,Netherlands,Eredivisie,PEC ZWOLLE vs SC HEERENVEEN,5-2 (2-0),Asian handicap,SC HEERENVEEN +0.25,2.02,,60,-60.00,Lost,Amar Sidran,Football,2016-01-16 13:47:02
2016-01-16 16:00:00,England,Premier League,MANCHESTER CITY vs CRYSTAL PALACE,4-0 (2-0),Over / Under,Over +3.00,2.00,,60,60.00,Win,Amar Sidran,Football,2016-01-16 14:10:04
2016-01-15 23:30:00,Chile,"Primera Division, Clausura",O'HIGGINS FC vs DEPORTES UNION LA CALERA,4-0 (1-0),Over / Under,Over +2.75,1.93,,40,37.20,Win,Amar Sidran,Football,2016-01-15 17:19:03
2016-01-14 20:45:00,England,Football League Trophy,MILLWALL FC vs OXFORD UNITED,0-2 (0-2),Asian handicap,OXFORD UNITED +0.25,1.90,,60,54.00,Win,Amar Sidran,Football,2016-01-14 11:56:03
2016-01-13 20:45:00,England,Premier League,STOKE CITY vs NORWICH CITY,3-1 (0-0),Over / Under,Over +2.25,2.02,,60,61.20,Win,Amar Sidran,Football,2016-01-13 17:07:02
2016-01-12 20:45:00,England,Championship,NOTTINGHAM FOREST vs BIRMINGHAM CITY,1-1 (1-1),Asian handicap,BIRMINGHAM CITY +0.25,2.08,,60,32.40,Half win,Amar Sidran,Football,2016-01-12 17:14:02
2016-01-12 20:45:00,England,Premier League,BOURNEMOUTH AFC vs WEST HAM UNITED,1-3 (1-0),Asian handicap,WEST HAM UNITED +0.50,1.88,,70,61.60,Win,Amar Sidran,Football,2016-01-12 11:49:02
2016-01-11 21:00:00,Portugal,Liga Sagres,FC PACOS FERREIRA vs VITORIA SETUBAL,2-1 (1-1),Over / Under,Over +2.25,1.94,,60,56.40,Win,Amar Sidran,Football,2016-01-11 17:22:02
2016-01-10 20:45:00,Italy,Serie A,SAMPDORIA GENOA vs JUVENTUS TURIN,1-2 (0-1),Asian handicap,JUVENTUS TURIN -1.00,2.04,,60,0.00,Void,Amar Sidran,Football,2016-01-10 18:05:05
2016-01-10 19:15:00,Portugal,Liga Sagres,BOAVISTA FC vs FC PORTO,0-5 (0-1),Over / Under,Over +2.25,1.89,,70,62.30,Win,Amar Sidran,Football,2016-01-10 17:48:02
2016-01-10 16:00:00,Portugal,Liga Vitalis,FC FAMALICAO vs VARZIM SC,0-1 (0-1),Asian handicap,VARZIM SC +0.25,2.05,,60,63.00,Win,Amar Sidran,Football,2016-01-10 12:14:05
2016-01-10 16:00:00,Spain,Liga BBVA,REAL SOCIEDAD vs VALENCIA CF,2-0 (0-0),Asian handicap,VALENCIA CF +0.25,1.98,,60,-60.00,Lost,Amar Sidran,Football,2016-01-10 12:12:01
2016-01-06 20:00:00,Portugal,Liga Sagres,BENFICA LISBON vs CS MARITIMO MADEIRA,6-0 (3-0),Asian handicap,BENFICA LISBON -1.50,1.98,,60,58.80,Win,Amar Sidran,Football,2016-01-06 13:50:02
2016-01-06 15:00:00,Italy,Serie A,US SASSUOLO vs FROSINONE CALCIO,2-2 (1-2),Asian handicap,US SASSUOLO -1.00,1.90,,60,-60.00,Lost,Amar Sidran,Football,2016-01-06 13:54:03
2016-01-05 21:00:00,England,Carling Cup,STOKE CITY vs LIVERPOOL FC,0-1 (0-1),Asian handicap,STOKE CITY +0.25,1.83,,50,-50.00,Lost,Amar Sidran,Football,2016-01-05 18:26:02
2015-12-12 16:00:00,England,Championship,CHARLTON ATHLETIC vs LEEDS UNITED,0-0 (0-0),Match Odds,LEEDS UNITED,2.65,,28,-28.00,Lost,Amar Sidran,Football,2015-12-12 12:58:04
2015-12-12 15:30:00,Germany,Bundesliga,VFL WOLFSBURG vs HAMBURGER SV,1-1 (0-1),Over / Under,Over +2.75,1.88,,50,-50.00,Lost,Amar Sidran,Football,2015-12-12 12:32:03
2015-12-11 20:45:00,England,Championship,WOLVERHAMPTON WANDERERS vs NOTTINGHAM FOREST,1-1 (1-0),Asian handicap,NOTTINGHAM FOREST +0.25,1.96,,50,24.00,Half win,Amar Sidran,Football,2015-12-11 11:48:03
2015-12-10 21:05:00,European cups,UEFA Europa League,ASTERAS TRIPOLIS vs FC SCHALKE 04,0-4 (0-2),Over / Under,Over +2.50,1.89,,60,53.40,Win,Amar Sidran,Football,2015-12-10 18:04:04
2015-12-10 21:05:00,European cups,UEFA Europa League,PARTIZAN BELGRADE vs FC AUGSBURG,1-3 (1-1),Asian handicap,FC AUGSBURG -0.50,2.08,,70,75.60,Win,Amar Sidran,Football,2015-12-10 09:21:02
2015-12-09 20:45:00,European cups,UEFA Champions League,NK DINAMO ZAGREB vs BAYERN MUNICH,0-2 (0-0),Over / Under,Over +2.75,1.78,,50,-50.00,Lost,Amar Sidran,Football,2015-12-09 09:28:02
2015-12-08 20:45:00,European cups,UEFA Champions League,PSV EINDHOVEN vs CSKA MOSCOW,2-1 (0-0),Over / Under,Over +2.75,1.85,,60,25.50,Half win,Amar Sidran,Football,2015-12-08 11:41:02
2015-12-07 19:00:00,Denmark,SAS Ligaen,AALBORG BK vs VIBORG FF,2-0 (1-0),Asian handicap,AALBORG BK -0.75,2.02,,60,61.20,Win,Amar Sidran,Football,2015-12-07 11:54:05
2015-12-06 18:00:00,Denmark,SAS Ligaen,FC COPENHAGEN vs ODENSE BK,4-1 (2-0),Over / Under,Over +2.50,1.94,,60,56.40,Win,Amar Sidran,Football,2015-12-06 14:31:03
2015-12-06 17:00:00,England,Premier League,NEWCASTLE UNITED vs LIVERPOOL FC,2-0 (0-0),Asian handicap,LIVERPOOL FC -1.00,1.96,,60,-60.00,Lost,Amar Sidran,Football,2015-12-06 14:28:02
2015-12-05 16:00:00,England,Premier League,SOUTHAMPTON FC vs ASTON VILLA,1-1 (0-1),Over / Under,Over +2.50,1.99,,60,-60.00,Lost,Amar Sidran,Football,2015-12-05 11:55:02
2015-12-05 15:30:00,Germany,Bundesliga,MONCHENGLADBACH vs BAYERN MUNICH,3-1 (0-0),Both team to score,Yes,1.80,,60,48.00,Win,Amar Sidran,Football,2015-12-05 11:36:03
2015-12-05 13:00:00,Ukraine,Premier League,VORSKLA POLTAVA vs FC ZORYA LUGANSK,0-2 (0-0),Asian handicap,FC ZORYA LUGANSK +0,2.15,,60,69.00,Win,Amar Sidran,Football,2015-12-05 11:44:02
2015-12-04 20:45:00,England,Championship,IPSWICH TOWN vs MIDDLESBROUGH FC,0-2 (0-0),Both team to score,Yes,1.83,,60,-60.00,Lost,Amar Sidran,Football,2015-12-04 11:37:04
2015-12-04 20:30:00,Germany,Bundesliga,FC SCHALKE 04 vs HANNOVER 96,3-1 (0-0),Over / Under,Over +2.75,1.95,,60,57.00,Win,Amar Sidran,Football,2015-12-04 11:45:01
2015-12-04 18:00:00,Croatia,1. HNL,NK INTER ZAPRESIC vs HNK RIJEKA,0-0 (0-0),Asian handicap,HNK RIJEKA -1.00,1.85,,60,-60.00,Lost,Amar Sidran,Football,2015-12-04 11:40:02
2015-12-03 13:00:00,International Clubs,Club Friendly Games,MALMO FF vs MOLDE FK,3-1 (1-1),Asian handicap,MOLDE FK +0.25,1.85,,50,-50.00,Lost,Amar Sidran,Football,2015-12-03 08:17:03
2015-12-02 20:30:00,Austria,tipp3-Bundesliga,FK AUSTRIA VIENNA vs SK STURM GRAZ,2-1 (1-1),Asian handicap,SK STURM GRAZ +0.25,1.89,,50,-50.00,Lost,Amar Sidran,Football,2015-12-02 11:47:02
2015-11-30 17:15:00,Russia,Premier League,FC RUBIN KAZAN vs FC SPARTAK MOSCOW,2-2 (0-0),Over / Under,Over +2.50,2.04,,60,62.40,Win,Amar Sidran,Football,2015-11-30 11:51:01
2015-11-29 20:45:00,Italy,Serie A,US PALERMO vs JUVENTUS TURIN,0-3 (0-0),Asian handicap,JUVENTUS TURIN -1.00,1.90,,60,54.00,Win,Amar Sidran,Football,2015-11-29 19:41:03
2015-11-29 17:30:00,Germany,Bundesliga,BAYER LEVERKUSEN vs FC SCHALKE 04,1-1 (0-0),Over / Under,Over +2.75,1.86,,50,-50.00,Lost,Amar Sidran,Football,2015-11-29 14:49:04
2015-11-28 20:00:00,France,Ligue 1,TOULOUSE FC vs OGC NICE,2-0 (1-0),Asian handicap,OGC NICE +0,2.12,,60,-60.00,Lost,Amar Sidran,Football,2015-11-28 18:49:02
2015-11-28 16:00:00,England,Premier League,MANCHESTER CITY vs SOUTHAMPTON FC,3-1 (2-0),Over / Under,Over +2.75,1.90,,60,54.00,Win,Amar Sidran,Football,2015-11-28 13:05:03
2015-11-27 16:00:00,Croatia,1. HNL,NK INTER ZAPRESIC vs NK OSIJEK,0-0 (0-0),Asian handicap,NK OSIJEK +0.25,2.24,,60,37.20,Half win,Amar Sidran,Football,2015-11-27 08:41:01
2015-11-26 19:00:00,European cups,UEFA Europa League,AZ ALKMAAR vs PARTIZAN BELGRADE,1-2 (0-0),Over / Under,Over +2.75,1.86,,60,25.80,Half win,Amar Sidran,Football,2015-11-26 17:02:03
2015-11-25 20:45:00,European cups,UEFA Champions League,FC SHAKHTAR DONETSK vs REAL MADRID,3-4 (0-1),Over / Under,Over +3.00,2.02,,40,40.80,Win,Amar Sidran,Football,2015-11-25 19:33:02
2015-11-24 18:00:00,European cups,UEFA Champions League,ZENIT ST PETERSBURG vs VALENCIA CF,2-0 (1-0),Asian handicap,VALENCIA CF +0.25,2.02,,50,-50.00,Lost,Amar Sidran,Football,2015-11-24 14:41:01
2015-11-22 21:00:00,France,Ligue 1,AS SAINT ETIENNE vs OLYMPIQUE MARSEILLE,0-2 (0-1),Asian handicap,OLYMPIQUE MARSEILLE +0.25,1.85,,50,42.50,Win,Amar Sidran,Football,
2015-11-22 14:30:00,Netherlands,Eredivisie,NEC NIJMEGEN vs FC UTRECHT,1-0 (0-0),Asian handicap,FC UTRECHT +0.25,1.88,,50,-50.00,Lost,Amar Sidran,Football,2015-11-22 12:45:10
2015-11-22 14:00:00,France,Ligue 1,SC BASTIA vs GAZELEC AJACCIO,1-2 (1-1),Asian handicap,GAZELEC AJACCIO +0.25,1.98,,60,58.80,Win,Amar Sidran,Football,2015-11-21 16:37:07
2015-11-22 13:30:00,Germany,2. Bundesliga,1 FC HEIDENHEIM vs GREUTHER FURTH,1-2 (0-1),Asian handicap,GREUTHER FURTH +0,2.12,,60,67.20,Win,Amar Sidran,Football,2015-11-22 12:26:06
2015-11-21 20:00:00,Belgium,Jupiler Pro League,WAASLAND-BEVEREN vs ST. TRUIDENSE VV,2-1 (1-1),Asian handicap,ST. TRUIDENSE VV +0.25,1.87,,50,-50.00,Lost,Amar Sidran,Football,2015-11-21 15:18:24
2015-11-20 18:00:00,Croatia,1. HNL,NK SLAVEN BELUPO vs NK DINAMO ZAGREB,1-2 (1-1),Asian handicap,NK DINAMO ZAGREB -1.00,1.96,,60,0.00,Void,Amar Sidran,Football,2015-11-19 20:31:25
2015-11-16 20:45:00,International,"Euro Cup Qualification, Playoffs",IRELAND vs BOSNIA & HERZEGOVINA,2-0 (1-0),Asian handicap,BOSNIA & HERZEGOVINA +0,2.23,,60,-60.00,Lost,Amar Sidran,Football,2015-11-16 19:37:02
2015-11-15 20:45:00,International,"Euro Cup Qualification, Playoffs",HUNGARY vs NORWAY,2-1 (1-0),Asian handicap,NORWAY +0,1.79,,40,-40.00,Lost,Amar Sidran,Football,2015-11-15 15:00:13
2015-11-14 18:00:00,Spain,Liga Adelante,CD LEGANES vs ALCORCON AD,3-0 (2-0),Asian handicap,ALCORCON AD +0.25,2.01,,50,-50.00,Lost,Amar Sidran,Football,2015-11-14 16:49:02
2015-11-13 18:00:00,International Youth,U21 Euro Qualification,AUSTRIA vs FINLAND,2-0 (0-0),Asian handicap,AUSTRIA -1.00,1.87,,50,43.50,Win,Amar Sidran,Football,2015-11-12 19:44:16
2015-11-12 13:00:00,International Youth,U21 Euro Qualification,BOSNIA & HERZEGOVINA vs ENGLAND,0-0 (0-0),Asian handicap,ENGLAND -1.00,1.83,,50,-50.00,Lost,Amar Sidran,Football,2015-11-11 18:08:04
2015-11-08 17:15:00,Sweden,Allsvenskan,FALKENBERGS FF vs IK SIRIUS FK,1-1 (0-1),Asian handicap,IK SIRIUS FK +0.25,1.83,,50,20.75,Half win,Amar Sidran,Football,2015-11-08 13:36:23
2015-11-07 13:45:00,England,Premier League,BOURNEMOUTH AFC vs NEWCASTLE UNITED,0-1 (0-1),Asian handicap,NEWCASTLE UNITED +0.25,1.93,,50,46.50,Win,Amar Sidran,Football,2015-11-07 11:31:02
2015-11-06 18:00:00,Croatia,1. HNL,NK INTER ZAPRESIC vs NK LOKOMOTIVA ZAGREB,1-2 (0-1),Asian handicap,NK LOKOMOTIVA ZAGREB +0.25,1.95,,50,47.50,Win,Amar Sidran,Football,2015-11-06 12:21:02
2015-11-05 21:05:00,European cups,UEFA Europa League,ATHLETIC BILBAO vs PARTIZAN BELGRADE,5-1 (3-1),Asian handicap,ATHLETIC BILBAO -1.75,1.91,,50,45.50,Win,Amar Sidran,Football,2015-11-05 18:20:13
2015-11-04 20:45:00,European cups,UEFA Champions League,OLYMPIACOS FC vs NK DINAMO ZAGREB,2-1 (0-1),Over / Under,Over +2.50,1.88,,50,44.00,Win,Amar Sidran,Football,2015-11-04 12:38:04
2015-11-04 20:45:00,European cups,UEFA Champions League,AS ROMA vs BAYER LEVERKUSEN,3-2 (2-0),Asian handicap,BAYER LEVERKUSEN +0.50,1.88,,50,-50.00,Lost,Amar Sidran,Football,2015-11-04 12:34:05
2015-11-03 20:45:00,European cups,UEFA Champions League,BENFICA LISBON vs GALATASARAY ISTANBUL,2-1 (0-0),Asian Handicap 1st Half,GALATASARAY ISTANBUL +0.25 Half time,2.10,,50,27.50,Half win,Amar Sidran,Football,2015-11-03 18:35:07
2015-11-03 20:45:00,European cups,UEFA Champions League,SEVILLA FC vs MANCHESTER CITY,1-3 (1-3),Over / Under,Over +2.75,1.93,,50,46.50,Win,Amar Sidran,Football,2015-11-03 18:24:16
2015-11-02 19:45:00,Switzerland,Challenge League,FC SCHAFFHAUSEN vs FC CHIASSO,2-0 (0-0),Asian handicap,FC CHIASSO +0.25,2.00,,60,-60.00,Lost,Amar Sidran,Football,2015-11-02 15:41:02
2015-11-02 19:00:00,Denmark,SAS Ligaen,AGF AARHUS vs SONDERJYSKE,0-0 (0-0),Asian handicap,SONDERJYSKE +0.25,1.85,,50,21.25,Half win,Amar Sidran,Football,2015-11-02 15:02:31
2015-11-01 16:45:00,Netherlands,Eredivisie,AZ ALKMAAR vs NEC NIJMEGEN,2-4 (1-2),Over / Under,Over +2.75,1.81,,50,40.50,Win,Amar Sidran,Football,2015-11-01 14:16:06
2015-11-01 16:00:00,Denmark,SAS Ligaen,FC COPENHAGEN vs RANDERS FC,4-0 (2-0),Both team to score,Yes,2.00,,50,-50.00,Lost,Amar Sidran,Football,2015-11-01 14:26:16
2015-10-31 16:00:00,England,Premier League,WATFORD FC vs WEST HAM UTD,2-0 (1-0),Asian handicap,WEST HAM UTD +0,2.17,,60,-60.00,Lost,Amar Sidran,Football,2015-10-31 14:53:32
2015-10-27 19:30:00,Sweden,Superettan,SYRIANSKA FC vs OSTERSUNDS FK,1-1 (1-0),Asian handicap,OSTERSUNDS FK -0.75,1.95,,60,-60.00,Lost,Amar Sidran,Football,2015-10-26 20:39:04
2015-10-25 18:00:00,Norway,Eliteserien,BODO/GLIMT vs LILLESTROM SK,0-3 (0-1),Asian handicap,LILLESTROM SK +0.25,2.17,,60,70.20,Win,Amar Sidran,Football,2015-10-25 16:51:10
2015-10-24 18:00:00,Norway,Eliteserien,HAUGESUND FK vs VALERENGA IF,0-1 (0-1),Over / Under,Over +2.75,1.99,,40,-40.00,Lost,Amar Sidran,Football,2015-10-24 14:40:21
2015-10-24 16:00:00,England,Championship,BOLTON WANDERERS vs LEEDS UTD,1-1 (1-0),Asian handicap,LEEDS UTD +0,2.03,,50,0.00,Void,Amar Sidran,Football,2015-10-24 14:45:15
2015-10-23 20:00:00,Netherlands,Eredivisie,PEC ZWOLLE vs FC UTRECHT,1-2 (1-1),Asian handicap,FC UTRECHT +0.25,1.87,,50,43.50,Win,Amar Sidran,Football,2015-10-23 16:00:06
2015-10-21 20:45:00,European cups,UEFA Champions League,MANCHESTER CITY vs SEVILLA FC,2-1 (1-1),Over / Under,Over +2.75,1.85,,50,21.25,Half win,Amar Sidran,Football,2015-10-21 15:40:11
2015-10-20 20:45:00,European cups,UEFA Champions League,BAYER LEVERKUSEN vs AS ROMA,4-4 (2-2),Over / Under,Over +2.75,2.10,,50,55.00,Win,Amar Sidran,Football,2015-10-20 16:14:57
2015-10-20 20:45:00,European cups,UEFA Champions League,NK DINAMO ZAGREB vs OLYMPIACOS FC,0-1 (0-0),Asian handicap,OLYMPIACOS FC +0,1.88,,50,44.00,Win,Amar Sidran,Football,2015-10-20 16:07:59
2015-10-20 20:45:00,European cups,UEFA Champions League,FC DYNAMO KIEV vs CHELSEA FC,0-0 (0-0),Asian handicap,CHELSEA FC +0,2.04,,50,0.00,Void,Amar Sidran,Football,2015-10-20 16:02:34
2015-10-19 19:00:00,Sweden,Allsvenskan,DJURGARDENS IF vs IFK GOTHENBURG,2-2 (0-0),Asian handicap,IFK GOTHENBURG -0.25,1.98,,50,-25.00,Half lost,Amar Sidran,Football,2015-10-19 16:30:26
2015-10-19 19:00:00,Sweden,Allsvenskan,BK HACKEN vs GIF SUNDSVALL,3-1 (1-1),Over / Under,Over +2.75,1.97,,50,48.50,Win,Amar Sidran,Football,2015-10-19 16:12:30
2015-10-18 20:00:00,Belgium,Jupiler Pro League,KV KORTRIJK vs ROYAL CHARLEROI SC,2-0 (1-0),Asian handicap,ROYAL CHARLEROI SC +0,2.07,,50,-50.00,Lost,Amar Sidran,Football,2015-10-18 18:40:15
2015-10-18 16:00:00,Sweden,Superettan,ASSYRISKA FF vs MJALLBY AIF,3-0 (1-0),Asian handicap,MJALLBY AIF +0,2.08,,50,-50.00,Lost,Amar Sidran,Football,2015-10-17 13:30:34
2015-10-17 16:00:00,England,Championship,PRESTON NORTH END vs CARDIFF CITY,0-0 (0-0),Asian handicap,CARDIFF CITY +0.25,1.88,,50,22.00,Half win,Amar Sidran,Football,2015-10-17 13:04:15
2015-10-14 20:45:00,Denmark,Viasat Sport Divisionen,FC FREDERICIA vs VEJLE BK,0-1 (0-0),Asian handicap,VEJLE BK +0,1.94,,50,47.00,Win,Amar Sidran,Football,2015-10-14 16:19:05
2015-10-13 20:45:00,International,Euro Cup,CYPRUS vs BOSNIA & HERZEGOVINA,2-3 (2-2),Asian handicap,BOSNIA & HERZEGOVINA -0.75,2.05,,40,21.00,Half win,Amar Sidran,Football,2015-10-13 15:39:11
2015-10-11 20:45:00,International,Euro Cup,GERMANY vs GEORGIA,2-1 (0-0),Asian handicap,GERMANY -2.75,1.96,,40,-40.00,Lost,Amar Sidran,Football,2015-10-11 11:39:09
2015-10-08 20:45:00,International,Euro Cup,ALBANIA vs SERBIA,0-2 (0-0),Asian handicap,ALBANIA +0,2.17,,40,-40.00,Lost,Amar Sidran,Football,2015-10-08 17:56:03
2015-10-06 20:15:00,Germany,Regionalliga Southwest,HESSEN KASSEL vs EINTRACHT TRIER,0-2 (0-0),Asian handicap,EINTRACHT TRIER +0.25,1.96,,40,38.40,Win,Amar Sidran,Football,2015-10-06 16:51:08
2015-10-04 18:00:00,Czech Republic,1st Division,FC SLOVAN LIBEREC vs BOHEMIANS 1905,3-1 (2-0),Asian handicap,FC SLOVAN LIBEREC -1.00,1.85,,40,34.00,Win,Amar Sidran,Football,2015-10-04 16:02:15
2015-10-04 18:00:00,Norway,Eliteserien,VIKING FK vs LILLESTROM SK,1-0 (1-0),Over / Under,Over +2.75,1.84,,40,-40.00,Lost,Amar Sidran,Football,2015-10-04 15:57:02
2015-10-03 16:00:00,England,Championship,LEEDS UTD vs BIRMINGHAM CITY,0-2 (0-1),Asian handicap,BIRMINGHAM CITY +0.25,1.85,,40,34.00,Win,Amar Sidran,Football,2015-10-03 14:20:08
2015-10-01 21:05:00,European cups,UEFA Europa League,PAOK FC vs BORUSSIA DORTMUND,1-1 (1-0),Asian handicap,PAOK FC +1.00,1.94,,40,37.60,Win,Amar Sidran,Football,2015-10-01 18:16:02
2015-09-29 20:45:00,European cups,UEFA Champions League,BAYERN MUNICH vs NK DINAMO ZAGREB,5-0 (4-0),Asian handicap,BAYERN MUNICH -2.50,1.96,,60,57.60,Win,Amar Sidran,Football,2015-09-29 17:50:06
2015-09-28 20:15:00,Germany,2. Bundesliga,EINTRACHT BRAUNSCHWEIG vs GREUTHER FURTH,0-1 (0-1),Asian handicap,GREUTHER FURTH +0.25,1.81,,60,48.60,Win,Amar Sidran,Football,2015-09-28 17:59:02
2015-09-27 19:00:00,Sweden,Superettan,ANGELHOLMS FF vs MJALLBY AIF,1-1 (0-0),Asian handicap,MJALLBY AIF +0,2.00,,60,0.00,Void,Amar Sidran,Football,2015-09-27 16:22:04
2015-09-26 18:00:00,Belgium,Jupiler Pro League,WAASLAND-BEVEREN vs KAA GENT,1-3 (0-1),Asian handicap,KAA GENT -1.00,2.05,,50,52.50,Win,Amar Sidran,Football,2015-09-26 11:34:04
2015-09-26 16:00:00,Sweden,Allsvenskan,HALMSTADS BK vs MALMO FF,0-0 (0-0),Asian handicap,MALMO FF -1.00,1.80,,60,-60.00,Lost,Amar Sidran,Football,2015-09-26 11:04:05
2015-09-26 15:30:00,Germany,Bundesliga,1 FSV MAINZ 05 vs BAYERN MUNICH,0-3 (0-0),Asian handicap,BAYERN MUNICH -1.75,1.87,,60,52.20,Win,Amar Sidran,Football,2015-09-26 11:28:04
2015-09-24 20:00:00,Norway,NM Cup,VIKING FK vs SARPSBORG,0-0 (0-0),Asian handicap,SARPSBORG +1.00,1.91,,50,45.50,Win,Amar Sidran,Football,2015-09-23 19:57:02
2015-09-21 20:45:00,England,Championship,DERBY COUNTY vs BURNLEY FC,0-0 (0-0),Both team to score,Yes,1.83,,40,-40.00,Lost,Amar Sidran,Football,2015-09-21 18:50:10
2015-09-20 18:00:00,Norway,Eliteserien,HAUGESUND FK vs SARPSBORG,1-1 (1-0),Asian handicap,SARPSBORG +0.25,1.87,,60,26.10,Half win,Amar Sidran,Football,2015-09-20 12:34:03
2015-09-20 17:30:00,Sweden,Allsvenskan,IFK GOTHENBURG vs HAMMARBY IF,1-0 (0-0),Asian handicap,IFK GOTHENBURG -1.00,1.98,,50,0.00,Void,Amar Sidran,Football,2015-09-20 12:37:14
2015-09-19 15:00:00,Sweden,Superettan,OSTERSUNDS FK vs IK SIRIUS FK,1-1 (0-1),Asian handicap,IK SIRIUS FK +0.25,1.96,,50,24.00,Half win,Amar Sidran,Football,2015-09-19 12:35:07
2015-09-18 19:00:00,Sweden,Allsvenskan,HALMSTADS BK vs FALKENBERGS FF,0-1 (0-1),Asian handicap,FALKENBERGS FF +0.25,1.98,,60,58.80,Win,Amar Sidran,Football,2015-09-18 16:29:03
2015-09-18 18:00:00,Denmark,SAS Ligaen,AGF AARHUS vs SONDERJYSKE,1-2 (1-1),Asian handicap,SONDERJYSKE +0.25,2.11,,60,66.60,Win,Amar Sidran,Football,2015-09-18 16:21:07
2015-09-17 21:05:00,European cups,UEFA Europa League,PARTIZAN BELGRADE vs AZ ALKMAAR,3-2 (2-1),Asian handicap,AZ ALKMAAR +0.25,2.21,,50,-50.00,Lost,Amar Sidran,Football,2015-09-17 17:01:14
2015-09-17 19:00:00,European cups,UEFA Europa League,FC SION vs FC RUBIN KAZAN,2-1 (1-0),Asian handicap,FC RUBIN KAZAN +0.25,2.04,,50,-50.00,Lost,Amar Sidran,Football,2015-09-17 16:59:05
2015-09-15 20:45:00,European cups,UEFA Champions League,VFL WOLFSBURG vs CSKA MOSCOW,1-0 (1-0),Asian handicap,CSKA MOSCOW +0.50,2.05,,50,-50.00,Lost,Amar Sidran,Football,2015-09-14 21:15:03
2015-09-13 18:00:00,Norway,Eliteserien,LILLESTROM SK vs AALESUNDS FK,3-1 (2-0),Asian handicap,AALESUNDS FK +0.50,1.99,,40,-40.00,Lost,Amar Sidran,Football,2015-09-13 11:39:02
2015-09-13 16:00:00,Sweden,Superettan,SYRIANSKA FC vs IFK VARNAMO,0-0 (0-0),Asian handicap,IFK VARNAMO +0.50,2.00,,60,60.00,Win,Amar Sidran,Football,2015-09-13 12:53:04
2015-09-12 15:30:00,Russia,Premier League,FC AMKAR PERM vs FC KUBAN KRASNODAR,1-1 (0-1),Asian handicap,FC KUBAN KRASNODAR +0,2.06,,50,0.00,Void,Amar Sidran,Football,2015-09-12 10:26:05
2015-09-11 21:00:00,England,Championship,READING FC vs IPSWICH TOWN,5-1 (2-1),Both team to score,Yes,1.83,,60,49.80,Win,Amar Sidran,Football,2015-09-10 19:10:09
2015-09-09 20:15:00,Denmark,Ekstra Bladet Cup,VENDSYSSEL FF vs AALBORG BK,0-2 (0-1),Over / Under,Under +2.50,1.93,,50,46.50,Win,Amar Sidran,Football,2015-09-09 18:47:12
2015-09-09 00:30:00,Brazil,Brasilero Serie B,LUVERDENSE MT vs ATLETICO GOIANIENSE,1-1 (1-0),Asian handicap,ATLETICO GOIANIENSE +0.25,2.13,,50,28.25,Half win,Amar Sidran,Football,2015-09-08 20:04:08
2015-09-07 20:45:00,International,Euro Cup,IRELAND vs GEORGIA,1-0 (0-0),Asian handicap,IRELAND -1.00,1.82,,60,0.00,Void,Amar Sidran,Football,2015-09-07 19:25:04
2015-09-06 18:00:00,International,Euro Cup,NORWAY vs CROATIA,2-0 (0-0),Match Odds,CROATIA,2.06,,40,-40.00,Lost,Amar Sidran,Football,2015-09-06 14:47:04
2015-09-06 18:00:00,Denmark,Viasat Sport Divisionen,LYNGBY BK vs VEJLE BK,3-2 (2-0),Asian handicap,VEJLE BK +0.50,2.05,,50,-50.00,Lost,Amar Sidran,Football,2015-09-06 13:08:06
2015-09-05 18:00:00,Ireland,Airtricity Premier Division,DERRY CITY FC vs DROGHEDA UNITED FC,0-2 (0-1),Asian handicap,DROGHEDA UNITED FC +1.00,1.89,,60,53.40,Win,Amar Sidran,Football,2015-09-05 12:26:10
2015-09-05 17:30:00,International,"Africa Cup of Nations, Qualification, Group F",SAO TOME AND PRINCIPE vs MOROCCO,0-3 (0-3),Over / Under,Over +2.75,1.99,,60,29.70,Half win,Amar Sidran,Football,2015-09-05 12:16:07
2015-09-03 20:45:00,International,Euro Cup,BULGARIA vs NORWAY,0-1 (0-0),Asian handicap,NORWAY +0.25,2.02,,50,51.00,Win,Amar Sidran,Football,2015-09-02 20:17:03
2015-08-31 20:00:00,Portugal,Liga Sagres,CF OS BELENENSES vs CS MARITIMO,1-1 (0-1),Asian handicap,CS MARITIMO +0.25,1.85,,70,29.75,Half win,Amar Sidran,Football,2015-08-30 20:04:07
2015-08-30 18:30:00,Ukraine,Premier League,DNIPRO DNIPROPETROVSK vs KARPATY LVIV,2-0 (0-0),Asian handicap,KARPATY LVIV +1.50,1.95,,70,-70.00,Lost,Amar Sidran,Football,2015-08-30 16:23:10
2015-08-30 14:30:00,Belgium,Jupiler Pro League,CLUB BRUGGE vs STANDARD LIEGE,7-1 (4-1),Over / Under,Over +2.75,2.05,,70,73.50,Win,Amar Sidran,Football,2015-08-30 13:27:05
2015-08-29 20:00:00,Belgium,Jupiler Pro League,KV OOSTENDE vs SV ZULTE WAREGEM,0-2 (0-1),Asian handicap,SV ZULTE WAREGEM +0.50,1.98,,70,68.60,Win,Amar Sidran,Football,2015-08-29 17:28:09
2015-08-29 16:00:00,Russia,Premier League,ZENIT ST PETERSBURG vs FC KRYLIYA SOVETOV SAMARA,1-3 (0-1),Over / Under,Over +2.75,1.94,,60,56.40,Win,Amar Sidran,Football,2015-08-29 12:07:02
2015-08-29 16:00:00,Denmark,SAS Ligaen,SONDERJYSKE vs VIBORG FF,2-1 (1-0),Asian handicap,VIBORG FF +0.25,2.01,,70,-70.00,Lost,Amar Sidran,Football,2015-08-29 12:05:05
2015-08-28 19:00:00,Sweden,Allsvenskan,HAMMARBY IF vs KALMAR FF,0-0 (0-0),Asian handicap,KALMAR FF +0.25,2.45,,70,50.75,Half win,Amar Sidran,Football,2015-08-28 17:34:03
2015-08-27 20:00:00,European cups,UEFA Europa League,AZ ALKMAAR vs AFC ASTRA GIURGIU,2-0 (0-0),Asian handicap,AZ ALKMAAR -0.75,1.98,,70,68.60,Win,Amar Sidran,Football,2015-08-27 17:31:08
2015-08-23 18:00:00,Norway,Eliteserien,SARPSBORG vs AALESUNDS FK,3-1 (2-0),Asian handicap,AALESUNDS FK +0.50,1.95,,60,-60.00,Lost,Amar Sidran,Football,2015-08-23 12:28:04
2015-08-23 17:30:00,Sweden,Allsvenskan,HALMSTADS BK vs OREBRO SK,2-2 (0-1),Asian handicap,OREBRO SK +0.25,1.86,,40,17.20,Half win,Amar Sidran,Football,2015-08-23 12:15:14
2015-08-22 17:45:00,Switzerland,Axpo Super League,FC LUGANO vs FC BASEL,1-3 (1-2),Over / Under,Under +3.25,1.89,,30,-30.00,Lost,Amar Sidran,Football,2015-08-22 12:50:07
2015-08-22 17:00:00,Russia,Premier League,CSKA MOSCOW vs FC ROSTOV,2-1 (0-1),Asian handicap,FC ROSTOV +1.00,1.96,,40,0.00,Void,Amar Sidran,Football,2015-08-22 12:31:02
2015-08-22 16:30:00,Bulgaria,A PFG,CHERNO MORE VARNA vs PFC MONTANA 1921,1-0 (0-0),Asian handicap,CHERNO MORE VARNA -1.00,1.85,,40,0.00,Void,Amar Sidran,Football,2015-08-22 12:18:14
2015-08-20 19:00:00,European cups,UEFA Europa League,MOLDE FK vs STANDARD LIEGE,2-0 (2-0),Asian handicap,STANDARD LIEGE +0,2.08,,40,-40.00,Lost,Amar Sidran,Football,2015-08-19 20:34:04
2015-08-20 18:00:00,European cups,UEFA Europa League,AFC ASTRA GIURGIU vs AZ ALKMAAR,3-2 (3-2),Asian handicap,AZ ALKMAAR +0.25,2.04,,50,-50.00,Lost,Amar Sidran,Football,2015-08-19 20:20:04
2015-08-16 17:00:00,England,Premier League,MANCHESTER CITY vs CHELSEA FC,3-0 (1-0),Asian handicap,CHELSEA FC +0.25,2.13,,50,-50.00,Lost,Amar Sidran,Football,2015-08-16 11:40:04
2015-08-16 17:00:00,Sweden,Superettan,ASSYRISKA FF vs ANGELHOLMS FF,3-3 (2-3),Asian handicap,ANGELHOLMS FF +0.75,1.98,,40,39.20,Win,Amar Sidran,Football,2015-08-16 11:36:06
2015-08-15 18:00:00,Hungary,NB I,SZOMBATHELYI HALADAS FC vs PAKSI FC,1-0 (1-0),Asian handicap,PAKSI FC +0.50,1.95,,40,-40.00,Lost,Amar Sidran,Football,2015-08-15 12:22:03
2015-08-15 16:00:00,Sweden,Allsvenskan,GIF SUNDSVALL vs OREBRO SK,1-0 (0-0),Asian handicap,OREBRO SK +0.50,1.85,,50,-50.00,Lost,Amar Sidran,Football,2015-08-15 12:37:04
2015-08-14 18:00:00,Ukraine,Premier League,FC SHAKHTAR DONETSK vs DNIPRO DNIPROPETROVSK,0-2 (0-0),Over / Under,Over +2.50,1.80,,40,-40.00,Lost,Amar Sidran,Football,2015-08-13 20:23:02
2015-08-14 16:00:00,Russia,Premier League,FC AMKAR PERM vs FC ANZHI MAKHACHKALA,1-1 (0-0),Asian handicap,FC ANZHI MAKHACHKALA +0.25,2.04,,50,26.00,Half win,Amar Sidran,Football,2015-08-13 20:30:06
2015-08-12 20:30:00,Austria,tipp3-Bundesliga,SV GRODIG vs ADMIRA WACKER,2-3 (1-1),Asian handicap,ADMIRA WACKER +0.25,2.00,,60,60.00,Win,Amar Sidran,Football,2015-08-12 17:24:03
2015-08-12 19:00:00,Sweden,Allsvenskan,GEFLE IF vs IF ELFSBORG,2-3 (2-1),Asian Handicap 1st Half,GEFLE IF +0.25 Half time,1.92,,60,55.20,Win,Amar Sidran,Football,2015-08-12 17:12:06
2015-08-11 19:30:00,Sweden,Superettan,GAIS vs IFK VARNAMO,1-3 (0-2),Asian handicap,IFK VARNAMO +0.50,2.00,,60,60.00,Win,Amar Sidran,Football,2015-08-11 17:21:05
2015-08-09 18:30:00,Sweden,Superettan,IK FREJ vs MJALLBY AIF,0-2 (0-1),Asian handicap,MJALLBY AIF +0,1.90,,60,54.00,Win,Amar Sidran,Football,2015-08-09 12:58:02
2015-08-09 18:00:00,Denmark,SAS Ligaen,RANDERS FC vs BRONDBY IF,3-3 (0-0),Asian handicap,BRONDBY IF +0.25,2.03,,60,30.90,Half win,Amar Sidran,Football,2015-08-09 12:40:06
2015-08-09 17:30:00,Sweden,Allsvenskan,HALMSTADS BK vs AATVIDABERG FF,0-0 (0-0),Asian handicap,AATVIDABERG FF +0.50,2.01,,60,60.60,Win,Amar Sidran,Football,2015-08-09 13:39:04
2015-08-09 15:00:00,Sweden,Allsvenskan,OREBRO SK vs IFK NORRKOPING,1-3 (0-2),Over / Under,Over +2.75,1.88,,60,52.80,Win,Amar Sidran,Football,2015-08-09 13:02:06
2015-08-08 20:45:00,Netherlands,Eredivisie,FEYENOORD ROTTERDAM vs FC UTRECHT,3-2 (1-0),Asian handicap,FC UTRECHT +1.25,1.95,,60,28.50,Half win,Amar Sidran,Football,2015-08-08 11:54:15
2015-08-08 16:00:00,Sweden,Superettan,OSTERSUNDS FK vs IF BROMMAPOJKARNA,2-1 (1-0),Over / Under,Over +3.00,2.01,,60,0.00,Void,Amar Sidran,Football,2015-08-08 12:32:06
2015-08-08 16:00:00,Sweden,Allsvenskan,FALKENBERGS FF vs HELSINGBORGS IF,2-3 (1-2),Asian handicap,HELSINGBORGS IF +0,1.92,,60,55.20,Win,Amar Sidran,Football,2015-08-08 12:28:04
2015-08-06 22:15:00,European cups,UEFA Europa League,VITORIA GUIMARAES vs SCR ALTACH,1-4 (0-1),Asian handicap,VITORIA GUIMARAES -1.00,2.01,,60,-60.00,Lost,Amar Sidran,Football,2015-08-06 20:15:08
2015-08-05 20:30:00,European cups,UEFA Champions League,PARTIZAN BELGRADE vs STEAUA BUCURESTI,4-2 (1-2),Asian handicap,STEAUA BUCURESTI +0.50,1.88,,60,-60.00,Lost,Amar Sidran,Football,2015-08-04 20:35:03
2015-08-05 18:45:00,European cups,UEFA Champions League,SPARTA PRAGUE vs CSKA MOSCOW,2-3 (2-1),Asian handicap,CSKA MOSCOW +0,1.93,,60,55.80,Win,Amar Sidran,Football,2015-08-04 20:32:03
2015-08-04 19:00:00,European cups,UEFA Champions League,APOEL NICOSIA FC vs FC MIDTJYLLAND,0-1 (0-1),Asian handicap,FC MIDTJYLLAND +0.50,1.93,,60,55.80,Win,Amar Sidran,Football,2015-08-03 20:27:02
2015-08-01 18:00:00,Norway,Eliteserien,STABAEK FOTBALL vs VALERENGA IF,2-0 (1-0),Asian handicap,VALERENGA IF +0.25,2.06,,50,-50.00,Lost,Amar Sidran,Football,2015-08-01 14:49:07
2015-08-01 16:00:00,Sweden,Allsvenskan,GEFLE IF vs FALKENBERGS FF,1-0 (1-0),Asian handicap,FALKENBERGS FF +0.50,1.88,,50,-50.00,Lost,Amar Sidran,Football,2015-08-01 14:58:04
2015-07-28 20:15:00,European cups,UEFA Champions League,YOUNG BOYS BERN vs AS MONACO,1-3 (0-0),Asian handicap,AS MONACO -0.50,2.00,,40,40.00,Win,Amar Sidran,Football,2015-07-28 15:51:03
2015-07-26 19:00:00,Ireland,Airtricity Premier Division,DUNDALK FC vs CORK CITY FC,1-1 (1-1),Asian handicap,CORK CITY FC +0.75,1.82,,60,49.20,Win,Amar Sidran,Football,2015-07-26 14:26:16
2015-07-26 16:00:00,Denmark,SAS Ligaen,BRONDBY IF vs ODENSE BK,1-2 (1-1),Asian handicap,ODENSE BK +0.50,1.90,,60,54.00,Win,Amar Sidran,Football,2015-07-26 14:17:02
2015-07-25 20:30:00,Ireland,Airtricity Premier Division,LONGFORD TOWN FC vs DROGHEDA UNITED FC,1-1 (1-0),Asian handicap,DROGHEDA UNITED FC +0.50,1.96,,50,48.00,Win,Amar Sidran,Football,2015-07-25 13:30:04
2015-07-25 16:00:00,Sweden,Allsvenskan,MALMO FF vs GIF SUNDSVALL,3-0 (2-0),Asian handicap,GIF SUNDSVALL +1.50,1.88,,60,-60.00,Lost,Amar Sidran,Football,2015-07-25 13:37:04
2015-07-25 16:00:00,Sweden,Superettan,SYRIANSKA FC vs ANGELHOLMS FF,1-3 (1-0),Asian handicap,SYRIANSKA FC -0.75,1.80,,40,-40.00,Lost,Amar Sidran,Football,2015-07-25 13:23:04
2015-07-23 19:00:00,European cups,UEFA Europa League,BRONDBY IF vs BEROE STARA ZAGORA,0-0 (0-0),Asian handicap,BRONDBY IF -1.00,2.04,,50,-50.00,Lost,Amar Sidran,Football,2015-07-23 15:55:03
2015-07-22 20:45:00,European cups,UEFA Champions League,FK RUDAR PLJEVLJA vs QARABAG FK,0-1 (0-0),Asian handicap,QARABAG FK -0.50,2.02,,40,40.80,Win,Amar Sidran,Football,2015-07-22 14:37:04
2015-07-21 18:00:00,European cups,UEFA Champions League,HJK HELSINKI vs FK VENTSPILS,1-0 (0-0),Asian handicap,FK VENTSPILS +1.25,1.85,,70,29.75,Half win,Amar Sidran,Football,2015-07-21 16:00:07
2015-07-18 20:30:00,Austria,ÖFB Stiegl Cup,TSV HARTBERG vs SK STURM GRAZ,0-6 (0-2),Asian handicap,SK STURM GRAZ -1.75,1.83,,60,49.80,Win,Amar Sidran,Football,2015-07-18 13:41:03
2015-07-18 16:00:00,Sweden,Allsvenskan,GIF SUNDSVALL vs HALMSTADS BK,0-0 (0-0),Asian handicap,HALMSTADS BK +0.25,1.99,,70,34.65,Half win,Amar Sidran,Football,2015-07-18 14:05:05
2015-07-16 20:30:00,European cups,UEFA Europa League,WKS SLASK WROCLAW vs IFK GOTHENBURG,0-0 (0-0),Asian handicap,IFK GOTHENBURG +0.25,1.83,,50,20.75,Half win,Amar Sidran,Football,2015-07-16 16:41:02
2015-07-16 19:30:00,European cups,UEFA Europa League,ROYAL CHARLEROI SC vs BEITAR JERUSALEM,5-1 (1-1),Asian handicap,ROYAL CHARLEROI SC -0.75,1.85,,60,51.00,Win,Amar Sidran,Football,2015-07-16 16:52:04
2015-07-14 20:30:00,European cups,UEFA Champions League,NK MARIBOR vs FC ASTANA,1-0 (1-0),Asian handicap,NK MARIBOR -0.50,1.98,,50,49.00,Win,Amar Sidran,Football,2015-07-14 14:42:06
2015-07-11 23:30:00,Brazil,Brasilero Serie A,SANTOS FC SP vs FIGUEIRENSE FC,3-0 (1-0),Asian handicap,SANTOS FC SP -0.75,1.78,,60,46.80,Win,Amar Sidran,Football,2015-07-11 15:26:07
2015-07-11 18:00:00,Norway,Eliteserien,VALERENGA IF vs SANDEFJORD FOTBALL,2-0 (2-0),Over / Under,Under +3.50,1.78,,80,62.40,Win,Amar Sidran,Football,2015-07-11 15:32:10
2015-07-09 19:00:00,European cups,UEFA Europa League,HNK HAJDUK SPLIT vs JK SILLAMAE KALEV,6-2 (2-2),Asian handicap,HNK HAJDUK SPLIT -2.00,1.93,,50,46.50,Win,Amar Sidran,Football,2015-07-09 16:12:05
2015-07-09 18:00:00,European cups,UEFA Europa League,FK GABALA vs FC DINAMO TBILISI,2-0 (0-0),Asian handicap,FC DINAMO TBILISI +0.50,1.90,,70,-70.00,Lost,Amar Sidran,Football,2015-07-09 16:06:04
2015-07-07 19:00:00,International Clubs,Club Friendly Games,FK AUSTRIA VIENNA vs FC KRASNODAR,0-0 (0-0),Asian handicap,FK AUSTRIA VIENNA +0.25,1.81,,60,24.30,Half win,Amar Sidran,Football,2015-07-07 15:51:02
2015-07-04 18:00:00,Norway,Eliteserien,HAUGESUND FK vs LILLESTROM SK,3-3 (2-1),Asian handicap,LILLESTROM SK +0.25,1.89,,60,26.70,Half win,Amar Sidran,Football,2015-07-04 16:15:04
2015-07-01 20:00:00,European cups,UEFA Champions League,B36 TORSHAVN vs THE NEW SAINTS FC,1-2 (1-1),Match Odds 1st Half,Draw Half time,2.10,,50,55.00,Win,Amar Sidran,Football,2015-07-01 16:09:02
2015-06-26 21:00:00,Ireland,Airtricity Premier Division,SAINT PATRICK'S ATHLETIC FC vs LONGFORD TOWN FC,3-0 (2-0),Over / Under,Over +2.50,1.90,,60,54.00,Win,Amar Sidran,Football,2015-06-26 19:13:07
2015-06-26 20:45:00,Ireland,Airtricity Premier Division,DERRY CITY FC vs CORK CITY FC,0-2 (0-0),Asian handicap,CORK CITY FC -0.75,1.98,,70,68.60,Win,Amar Sidran,Football,2015-06-26 19:07:03
2015-06-18 02:00:00,International,Copa America,BRAZIL vs COLOMBIA,0-1 (0-1),Asian handicap,COLOMBIA +0.50,1.90,,60,54.00,Win,Amar Sidran,Football,2015-06-17 16:20:09
2015-06-13 20:45:00,International,Euro Cup,DENMARK vs SERBIA,2-0 (1-0),Asian handicap,DENMARK -0.25,1.95,,70,66.50,Win,Amar Sidran,Football,2015-06-13 15:50:06
2015-06-10 17:00:00,International Youth,U18 Friendly Games,RUSSIA vs ENGLAND,2-1,Asian handicap,ENGLAND -0.50,2.06,,50,-50.00,Lost,Amar Sidran,Football,2015-06-10 15:51:04
2015-06-06 16:00:00,Sweden,Allsvenskan,BK HACKEN vs AIK,0-0 (0-0),Asian handicap,AIK +0.25,1.81,,60,24.30,Half win,Amar Sidran,Football,2015-06-06 14:42:03
2015-06-05 19:00:00,Norway,Eliteserien,TROMSO IL vs MOLDE FK,2-0 (2-0),Over / Under,Over +3.00,1.97,,70,-70.00,Lost,Amar Sidran,Football,2015-06-05 16:40:06
2015-06-05 18:30:00,International,International Friendly Games,HUNGARY vs LITHUANIA,4-0 (4-0),Over / Under,Over +2.00,1.75,,100,75.00,Win,Amar Sidran,Football,2015-06-05 16:35:03
2015-06-03 19:00:00,Sweden,Allsvenskan,AATVIDABERG FF vs BK HACKEN,1-1 (1-1),Over / Under,Over +2.50,1.83,,50,-50.00,Lost,Amar Sidran,Football,2015-06-03 16:22:05
2015-06-02 19:00:00,Sweden,Superettan,IF BROMMAPOJKARNA vs IFK VARNAMO,2-1 (1-1),Asian handicap,IF BROMMAPOJKARNA +0.25,1.82,,70,57.40,Win,Amar Sidran,Football,2015-06-02 16:17:02
2015-05-20 19:00:00,Sweden,Superettan,UTSIKTENS BK vs OSTERSUNDS FK,0-2 (0-1),Asian handicap,OSTERSUNDS FK -0.75,2.02,,70,71.40,Win,Amar Sidran,Football,2015-05-20 16:09:02
2015-05-10 20:45:00,Italy,Serie A,LAZIO ROMA vs INTER MILAN,1-2 (1-1),Over / Under,Over +2.75,1.96,,100,48.00,Half win,Amar Sidran,Football,2015-05-10 19:03:06
2015-05-03 19:00:00,Denmark,SAS Ligaen,ODENSE BK vs BRONDBY IF,0-2 (0-2),Match Odds,BRONDBY IF,2.14,,100,114.00,Win,Amar Sidran,Football,2015-05-03 16:51:14
2015-04-30 19:00:00,Sweden,Allsvenskan,GEFLE IF vs IFK GOTHENBURG,0-0 (0-0),Asian handicap,IFK GOTHENBURG -0.75,2.03,,100,-100.00,Lost,Amar Sidran,Football,2015-04-30 13:23:02
2015-04-28 19:45:00,Switzerland,Axpo Super League,FC SION vs FC ZURICH,1-2 (0-1),Asian handicap,FC ZURICH -0.25,2.51,,100,151.00,Win,Amar Sidran,Football,2015-04-28 16:48:03
2015-04-12 17:00:00,England,Premier League,MANCHESTER UTD vs MANCHESTER CITY,4-2 (2-1),Asian handicap,MANCHESTER UTD +0,1.94,,70,65.80,Win,Amar Sidran,Football,2015-04-12 13:55:03
2015-04-10 20:45:00,England,Championship,BRIGHTON & HOVE ALBION FC vs BOURNEMOUTH AFC,0-2 (0-0),Asian handicap,BOURNEMOUTH AFC -0.75,2.05,,100,105.00,Win,Amar Sidran,Football,2015-04-10 16:31:06
2015-04-07 20:45:00,England,Championship,CHARLTON ATHLETIC vs FULHAM FC,1-1 (1-1),Asian handicap,FULHAM FC +0.25,1.77,,80,30.80,Half win,Amar Sidran,Football,2015-04-07 16:39:02
2015-04-07 20:45:00,England,Championship,BLACKPOOL FC vs READING FC,1-1 (1-0),Asian handicap,READING FC -0.50,1.83,,70,-70.00,Lost,Amar Sidran,Football,2015-04-07 16:35:10
2015-04-04 16:00:00,England,Championship,BOLTON WANDERERS vs BLACKPOOL FC,1-1 (0-1),Asian handicap,BLACKPOOL FC +0.25,3.00,,70,70.00,Half win,Amar Sidran,Football,2015-04-04 14:56:03
2015-03-14 16:00:00,England,League One,OLDHAM ATHLETIC vs BARNSLEY FC,1-3 (1-2),Asian handicap,BARNSLEY FC +0,2.14,,80,91.20,Win,Amar Sidran,Football,2015-03-14 14:45:03
2015-03-14 16:00:00,England,Championship,ROTHERHAM UTD vs WIGAN ATHLETIC,1-2 (1-2),Asian handicap,WIGAN ATHLETIC +0,2.08,,80,86.40,Win,Amar Sidran,Football,2015-03-14 14:43:05
2015-03-14 16:00:00,England,Championship,BRIGHTON & HOVE ALBION FC vs WOLVERHAMPTON WANDERERS,1-1 (0-0),Asian handicap,WOLVERHAMPTON WANDERERS +0.25,1.91,,70,31.85,Half win,Amar Sidran,Football,2015-03-14 14:37:02
2015-03-11 20:45:00,England,Championship,BLACKBURN ROVERS vs BOLTON WANDERERS,1-0 (0-0),Over / Under,Under +2.50,1.91,,70,63.70,Win,Amar Sidran,Football,2015-03-11 15:18:03
2015-03-10 20:45:00,England,Skrill Premier,MACCLESFIELD TOWN vs TELFORD UTD,1-0 (1-0),Match Odds,MACCLESFIELD TOWN,1.70,,70,49.00,Win,Amar Sidran,Football,2015-03-10 14:44:04
2015-03-06 20:45:00,England,Championship,FULHAM FC vs BOURNEMOUTH AFC,1-5 (0-2),Match Odds,BOURNEMOUTH AFC,2.01,,60,60.60,Win,Amar Sidran,Football,2015-03-06 14:31:02
2015-03-04 20:45:00,England,Championship,LEEDS UTD vs IPSWICH TOWN,2-1 (0-0),Both team to score,Yes,1.83,,80,66.40,Win,Amar Sidran,Football,2015-03-04 16:09:11
2015-02-24 20:45:00,European cups,UEFA Champions League,JUVENTUS TURIN vs BORUSSIA DORTMUND,2-1 (2-1),Asian handicap,BORUSSIA DORTMUND +0.50,1.91,,80,-80.00,Lost,Amar Sidran,Football,2015-02-24 12:44:03
2015-02-24 20:45:00,England,Championship,IPSWICH TOWN vs BIRMINGHAM CITY,4-2 (1-0),Both team to score,Yes,1.83,,80,66.40,Win,Amar Sidran,Football,2015-02-24 12:37:02
2015-02-23 19:00:00,Italy,Serie A,SSC NAPOLI vs US SASSUOLO,2-0 (0-0),Match Odds 1st Half,SSC NAPOLI Half time,2.07,,70,-70.00,Lost,Amar Sidran,Football,2015-02-23 13:38:15
2015-02-19 21:05:00,European cups,UEFA Europa League,EA GUINGAMP vs FC DYNAMO KIEV,2-1 (0-1),Match Odds,Draw,3.20,,100,-100.00,Lost,Amar Sidran,Football,2015-02-19 18:24:08
2015-02-19 21:05:00,European cups,UEFA Europa League,VILLARREAL CF vs RB SALZBURG,2-1 (1-0),Over / Under,Over +2.75,1.86,,80,34.40,Half win,Amar Sidran,Football,
2015-02-18 22:00:00,Brazil,Carioca,VOLTA REDONDA RJ vs FLUMINENSE RJ,2-1 (0-0),Over / Under,Over +2.50,1.81,,80,64.80,Win,Amar Sidran,Football,2015-02-18 14:31:02
2015-02-18 19:00:00,Germany,3.Liga,VFL OSNABRUCK vs ARMINIA BIELEFELD,0-4 (0-3),Asian handicap,ARMINIA BIELEFELD -0.25,2.14,,80,91.20,Win,Amar Sidran,Football,2015-02-18 14:28:03
2015-02-17 20:45:00,England,Championship,CARDIFF CITY vs BLACKBURN ROVERS,1-1 (0-0),Both team to score,Yes,1.80,,70,56.00,Win,Amar Sidran,Football,2015-02-17 13:16:03
2015-02-15 16:15:00,Greece,Super League,AOK KERKYRA vs KALLONI AEL FC,2-0 (0-0),Asian handicap,KALLONI AEL FC +0.50,2.07,,70,-70.00,Lost,Amar Sidran,Football,2015-02-15 13:00:22
2015-02-15 15:30:00,Austria,tipp3-Bundesliga,WOLFSBERGER AC vs FK AUSTRIA VIENNA,1-0 (1-0),Asian handicap,FK AUSTRIA VIENNA -0.25,2.03,,70,-70.00,Lost,Amar Sidran,Football,2015-02-15 12:56:03
2015-02-14 20:00:00,Belgium,Jupiler Pro League,WAASLAND-BEVEREN vs KV KORTRIJK,1-0 (1-0),Match Odds,KV KORTRIJK,1.93,,60,-60.00,Lost,Amar Sidran,Football,2015-02-14 02:19:02
2015-02-14 16:00:00,England,Championship,BLACKPOOL FC vs NOTTINGHAM FOREST,4-4 (1-0),Both team to score,Yes,1.95,,70,66.50,Win,Amar Sidran,Football,2015-02-14 02:22:03
2015-02-14 12:30:00,Turkey,Turkcell Super Lig,KARDEMIR KARABUKSPOR vs KASIMPASA,0-0 (0-0),Asian handicap,KARDEMIR KARABUKSPOR +0,1.82,,60,0.00,Void,Amar Sidran,Football,2015-02-14 02:38:03
2015-02-13 20:00:00,France,Ligue 2,GAZELEC AJACCIO vs SCO ANGERS,1-0 (0-0),Asian handicap,SCO ANGERS +0.25,2.09,,70,-70.00,Lost,Amar Sidran,Football,2015-02-13 14:28:02
2015-02-13 20:00:00,France,Ligue 2,AJ AUXERRE vs TROYES AC,0-1 (0-1),Asian handicap,AJ AUXERRE +0,1.94,,50,-50.00,Lost,Amar Sidran,Football,2015-02-13 14:22:02
2015-02-12 22:30:00,Brazil,Paulista Serie A1,XV DE PIRACICABA vs ITUANO SP,1-2 (0-1),Asian handicap,ITUANO SP +0,1.81,,50,40.50,Win,Amar Sidran,Football,2015-02-12 12:28:05
2015-02-12 20:45:00,Belgium,Cofidis Cup,RSC ANDERLECHT vs KAA GENT,3-0 (2-0),Both team to score,Yes,1.91,,40,-40.00,Lost,Amar Sidran,Football,2015-02-12 12:34:03
2015-02-12 20:00:00,Brazil,Carioca,BOAVISTA RJ vs FLUMINENSE RJ,0-3 (0-1),Asian handicap,FLUMINENSE RJ -0.75,1.90,,40,36.00,Win,Amar Sidran,Football,2015-02-12 12:43:05
2015-02-12 18:30:00,Greece,Greece Cup,OFI CRETE FC vs SKODA XANTHI FC,1-1 (0-0),Match Odds,SKODA XANTHI FC,1.91,,40,-40.00,Lost,Amar Sidran,Football,2015-02-12 12:46:02
2015-02-11 20:45:00,England,Premier League,MANCHESTER UTD vs BURNLEY FC,3-1 (2-1),Over / Under,Over +2.75,1.84,,70,58.80,Win,Amar Sidran,Football,2015-02-11 13:33:02
2015-02-11 17:00:00,Croatia,Croatia Cup,HNK RIJEKA vs NK LOKOMOTIVA ZAGREB,4-1 (1-0),Both team to score,Yes,1.73,,50,36.50,Win,Amar Sidran,Football,2015-02-11 13:46:03
2015-02-11 17:00:00,Turkey,Turkish Cup,KAYSERISPOR vs BESIKTAS ISTANBUL,1-0 (1-0),Asian handicap,KAYSERISPOR +0.25,1.98,,70,68.60,Win,Amar Sidran,Football,2015-02-11 13:19:02
2015-02-11 15:00:00,Greece,Greece Cup,IRAKLIS 1908 vs PANIONIOS ATHENS,2-0 (1-0),Match Odds,IRAKLIS 1908,1.93,,40,37.20,Win,Amar Sidran,Football,2015-02-11 13:40:12
2015-02-10 20:45:00,England,Championship,CHARLTON ATHLETIC vs NORWICH CITY,2-3 (0-2),Asian handicap,NORWICH CITY -0.75,1.97,,70,33.95,Half win,Amar Sidran,Football,2015-02-10 15:21:01
2015-02-10 19:00:00,Spain,Liga Adelante,CA OSASUNA vs REAL ZARAGOZA,0-1 (0-1),Asian handicap,REAL ZARAGOZA +0.25,1.99,,70,69.30,Win,Amar Sidran,Football,2015-02-10 17:14:03
2015-02-09 18:30:00,Greece,Super League,KALLONI AEL FC vs SKODA XANTHI FC,2-2 (0-1),Asian handicap,SKODA XANTHI FC +0,1.93,,70,0.00,Void,Amar Sidran,Football,2015-02-09 15:16:05
2015-01-24 21:15:00,Portugal,Liga Sagres,VITORIA GUIMARAES vs GIL VICENTE FC,2-2 (0-1),Asian handicap,VITORIA GUIMARAES -1.00,1.75,,80,-80.00,Lost,Amar Sidran,Football,2015-01-24 17:17:48
2015-01-23 20:30:00,Belgium,Jupiler Pro League,KRC GENK vs ROYAL MOUSCRON,2-0 (1-0),Asian handicap,KRC GENK -0.75,1.84,,70,58.80,Win,Amar Sidran,Football,2015-01-23 01:21:02
2015-01-23 20:00:00,France,Ligue 2,AC HAVRE vs CHAMOIS NIORT FC,1-1 (0-0),Asian handicap,CHAMOIS NIORT FC +0.25,1.93,,90,41.85,Half win,Amar Sidran,Football,2015-01-23 16:08:02
2015-01-22 17:00:00,Africa Cup of Nations,"Africa Cup of Nations, Group C",ZAMBIA vs TUNISIA,1-2 (0-0),Match Odds 1st Half,Draw Half time,1.93,,70,65.10,Win,Amar Sidran,Football,2015-01-22 14:00:06
2015-01-21 20:45:00,England Amateur,FA Trophy,GATESHEAD FC vs GRIMSBY TOWN,2-2 (1-1),Match Odds 1st Half,Draw Half time,2.10,,60,66.00,Win,Amar Sidran,Football,2015-01-19 15:10:06
2015-01-21 20:00:00,Belgium,Cofidis Cup,RSC ANDERLECHT vs SV ZULTE WAREGEM,4-2 (3-0),Asian handicap,SV ZULTE WAREGEM +1.25,1.81,,50,-50.00,Lost,Amar Sidran,Football,2015-01-21 01:10:04
2015-01-21 17:00:00,Portugal,"League Cup, Phase 3, Gr. A",FC AROUCA vs CD NACIONAL,1-0 (0-0),Asian handicap,CD NACIONAL +0.25,1.76,,80,-80.00,Lost,Amar Sidran,Football,2015-01-21 01:14:02
2015-01-20 20:45:00,Scotland,Premier League,INVERNESS CALEDONIAN THISTLE vs FC ST JOHNSTONE,2-0 (2-0),Match Odds 1st Half,Draw Half time,2.05,,60,-60.00,Lost,Amar Sidran,Football,2015-01-20 16:43:02
2015-01-20 20:45:00,England,League One,PRESTON NORTH END vs YEOVIL TOWN,1-1 (0-1),Asian handicap,PRESTON NORTH END -0.75,1.77,,40,-40.00,Lost,Amar Sidran,Football,2015-01-20 16:40:05
2015-01-20 20:45:00,Belgium,Cofidis Cup,CLUB BRUGGE vs YELLOW-RED KV MECHELEN,3-2 (2-2),Over / Under,Under +3.00,2.20,,80,-80.00,Lost,Amar Sidran,Football,2015-01-20 16:33:02
2015-01-20 20:45:00,England,Championship,MIDDLESBROUGH FC vs CARDIFF CITY,2-1 (0-0),Both team to score,Yes,2.05,,40,42.00,Win,Amar Sidran,Football,2015-01-20 16:22:03
2015-01-19 22:00:00,International,International Friendly Games,CANADA vs ICELAND,1-1 (1-0),Match Odds,ICELAND,1.84,,30,-30.00,Lost,Amar Sidran,Football,2015-01-19 15:15:03
2015-01-19 21:00:00,England,Premier League,EVERTON FC vs WEST BROMWICH ALBION,0-0 (0-0),Both team to score,Yes,1.95,,40,-40.00,Lost,Amar Sidran,Football,2015-01-19 15:08:02
2015-01-19 17:00:00,Africa Cup of Nations,"Africa Cup of Nations, Group C",GHANA vs SENEGAL,1-2 (1-0),Asian handicap,SENEGAL +0.25,1.82,,40,32.80,Win,Amar Sidran,Football,2015-01-19 14:58:03
2015-01-17 18:30:00,Greece,Super League,PANIONIOS ATHENS vs PANATHINAIKOS ATHEN,1-1 (1-0),Asian handicap,PANATHINAIKOS ATHEN -1.00,2.38,,80,-80.00,Lost,Amar Sidran,Football,2015-01-17 14:29:05
2015-01-17 18:00:00,Belgium,Jupiler Pro League,ROYAL MOUSCRON vs KAA GENT,1-3 (1-2),Both team to score,Yes,2.00,,50,50.00,Win,Amar Sidran,Football,2015-01-17 14:20:03
2015-01-17 16:00:00,England,Championship,LEEDS UTD vs BIRMINGHAM CITY,1-1 (0-1),Both team to score,Yes,1.73,,80,58.40,Win,Amar Sidran,Football,2015-01-17 14:27:02
2015-01-17 16:00:00,England,Premier League,SWANSEA CITY vs CHELSEA FC,0-5 (0-4),Asian handicap,CHELSEA FC -1.00,1.98,,50,49.00,Win,Amar Sidran,Football,2015-01-17 14:23:05
2015-01-17 16:00:00,England,Premier League,ASTON VILLA vs LIVERPOOL FC,0-2 (0-1),Both team to score,Yes,1.83,,60,-60.00,Lost,Amar Sidran,Football,2015-01-17 14:18:03
2015-01-16 20:30:00,Belgium,Jupiler Pro League,CLUB BRUGGE vs YELLOW-RED KV MECHELEN,1-1 (0-0),Over / Under,Under +3.00,1.88,,80,70.40,Win,Amar Sidran,Football,2015-01-16 13:05:05
2015-01-16 20:00:00,Netherlands,Eredivisie,AJAX AMSTERDAM vs FC GRONINGEN,2-0 (1-0),Asian handicap,AJAX AMSTERDAM -1.50,2.02,,80,81.60,Win,Amar Sidran,Football,2015-01-16 13:09:02
2015-01-16 20:00:00,Netherlands,Jupiler League,FC DEN BOSCH vs SPARTA ROTTERDAM,1-1 (1-0),Asian handicap,SPARTA ROTTERDAM +0,1.87,,100,0.00,Void,Amar Sidran,Football,2015-01-16 13:00:06
2015-01-14 20:00:00,Spain,Copa del Rey,GETAFE CF vs UD ALMERIA,1-0 (0-0),Asian handicap,UD ALMERIA +0.75,1.82,,90,-45.00,Half lost,Amar Sidran,Football,2015-01-14 15:01:05
2015-01-14 20:00:00,Spain,Copa del Rey,ATHLETIC BILBAO vs CELTA DE VIGO,0-2 (0-0),Asian handicap,CELTA DE VIGO +0.50,1.78,,60,46.80,Win,Amar Sidran,Football,2015-01-14 14:58:03
2015-01-14 16:15:00,Greece,Super League,PANATHINAIKOS ATHEN vs LEVADIAKOS FC,1-0 (1-0),Asian handicap,LEVADIAKOS FC +1.75,1.79,,100,79.00,Win,Amar Sidran,Football,2015-01-14 13:00:06
2015-01-14 16:15:00,Greece,Super League,SKODA XANTHI FC vs VEROIA FC,2-2 (1-1),Asian handicap,VEROIA FC +0.50,1.99,,70,69.30,Win,Amar Sidran,Football,2015-01-14 12:57:01
2015-01-13 20:00:00,Spain,Copa del Rey,ESPANYOL BARCELONA vs VALENCIA CF,2-0 (0-0),Both team to score,Yes,1.80,,70,-70.00,Lost,Amar Sidran,Football,2015-01-13 15:23:01
2015-01-13 19:15:00,Portugal,"League Cup, Phase 3, Gr. B",GD ESTORIL PRAIA vs GIL VICENTE FC,3-0 (2-0),Asian handicap,GD ESTORIL PRAIA -1.00,1.71,,60,42.60,Win,Amar Sidran,Football,2015-01-13 15:21:02
2015-01-12 20:45:00,Spain,Liga BBVA,RAYO VALLECANO vs CORDOBA CF,0-1 (0-1),Both team to score,Yes,1.91,,70,-70.00,Lost,Amar Sidran,Football,2015-01-12 16:40:05
2015-01-10 18:30:00,England,Premier League,CRYSTAL PALACE vs TOTTENHAM HOTSPUR,2-1 (0-0),Match Odds 1st Half,Draw Half time,2.10,,30,33.00,Win,Amar Sidran,Football,2015-01-10 16:55:02
2015-01-10 16:00:00,England,Premier League,EVERTON FC vs MANCHESTER CITY,1-1 (0-0),Match Odds 1st Half,Draw Half time,2.38,,90,124.20,Win,Amar Sidran,Football,2015-01-10 14:48:03
2015-01-10 16:00:00,Scotland,Second Division,STIRLING ALBION vs DUNFERMLINE ATHLETIC,2-2 (0-1),Asian handicap,DUNFERMLINE ATHLETIC -1.00,1.90,,100,-100.00,Lost,Amar Sidran,Football,2015-01-10 14:44:09
2015-01-10 16:00:00,Scotland,Second Division,AIRDRIEONIANS vs PETERHEAD FC,1-3 (1-2),Asian handicap,PETERHEAD FC +0.50,1.79,,100,79.00,Win,Amar Sidran,Football,2015-01-10 14:41:04
2015-01-09 20:00:00,France,Ligue 2,US CRETEIL vs AJ AUXERRE,2-2 (2-1),Asian handicap,AJ AUXERRE +0,2.12,,90,0.00,Void,Amar Sidran,Football,2015-01-09 13:32:05
2015-01-09 20:00:00,France,National,CA BASTIA vs EPINAL,1-1 (1-1),Asian handicap,CA BASTIA -1.00,1.74,,100,-100.00,Lost,Amar Sidran,Football,2015-01-09 13:22:03
2015-01-09 20:00:00,France,National,DUNKERQUE vs ISTRES FC,2-0 (1-0),Asian handicap,ISTRES FC +0.25,1.91,,100,-100.00,Lost,Amar Sidran,Football,2015-01-09 13:17:02
2015-01-08 21:00:00,Portugal,Taca de Portugal,CS MARITIMO vs CD NACIONAL,6-7 (1-0),Asian handicap,CD NACIONAL +0.25,1.97,,70,33.95,Half win,Amar Sidran,Football,2015-01-08 16:58:03
2015-01-08 20:45:00,England,League Two,LUTON TOWN vs SHREWSBURY TOWN,0-0 (0-0),Match Odds 1st Half,Draw Half time,2.00,,70,70.00,Win,Amar Sidran,Football,2015-01-08 17:04:04
2015-01-08 20:00:00,Spain,Copa del Rey,GRANADA CF vs SEVILLA FC,1-2 (0-1),Match Odds 1st Half,Draw Half time,2.10,,70,-70.00,Lost,Amar Sidran,Football,2015-01-08 17:06:02
