Date,Category,League,Event,Event result,Type of bet,Selection,Odds,Bookmaker,Stake (in units),Profit,Result,Tipster,Sport,Publication date
2016-02-13 19:30:00,Portugal,Liga Sagres,CD NACIONAL vs SPORTING CP,0-4 (0-1),Over / Under,Over +2.50,1.87,,50,43.50,Win,Hubert Tisci,Football,2016-02-13 18:26:05
2016-02-13 17:45:00,Switzerland,Axpo Super League,FC THUN vs FC LUGANO,2-1 (1-0),Over / Under Team,FC THUN Over +1.75,1.85,,50,21.25,Half win,Hubert Tisci,Football,2016-02-13 14:48:04
2016-02-13 16:00:00,England,Skrill South,EASTBOURNE BOROUGH vs WESTON SUPER MARE FC,3-3 (1-0),Over / Under,Over +2.50,1.76,,80,60.80,Win,Hubert Tisci,Football,2016-02-10 23:36:02
2016-02-13 15:00:00,Italy,Serie B,AS AVELLINO vs FC BARI 1908,1-1 (0-1),Asian handicap,AS AVELLINO -0.25,2.13,,80,-40.00,Half lost,Hubert Tisci,Football,2016-02-11 21:05:02
2016-02-09 20:45:00,England,Skrill South,WESTON SUPER MARE FC vs OXFORD CITY,5-2 (3-1),Over / Under,Over +2.75,1.73,,80,58.40,Win,Hubert Tisci,Football,2016-02-09 18:19:04
2016-02-09 20:30:00,International Clubs,Club Friendly Games,MALAHIDE UNITED vs CORK CITY FC,0-6 (0-3),Over / Under,Over +4.50,2.10,,40,44.00,Win,Hubert Tisci,Football,2016-02-09 11:51:02
2016-02-07 20:45:00,Italy,Serie A,AS ROMA vs SAMPDORIA GENOA,2-1 (1-0),Over / Under,Over +2.50,1.87,,60,52.20,Win,Hubert Tisci,Football,2016-02-07 19:40:02
2016-02-07 16:45:00,Netherlands,Eredivisie,FC UTRECHT vs PSV EINDHOVEN,0-2 (0-2),Asian handicap,PSV EINDHOVEN -0.25,1.90,,60,54.00,Win,Hubert Tisci,Football,2016-02-07 15:42:03
2016-02-07 07:00:00,Australia,Hyundai A-League,NEWCASTLE UNITED JETS FC vs MELBOURNE CITY FC,2-1 (0-0),Over / Under,Over +3.25,1.92,,60,-30.00,Half lost,Hubert Tisci,Football,2016-02-07 02:47:05
2016-02-06 20:00:00,Switzerland,Axpo Super League,YOUNG BOYS BERN vs GRASSHOPPER CLUB ZURICH,1-1 (1-1),Over / Under,Over +3.00,1.89,,60,-60.00,Lost,Hubert Tisci,Football,2016-02-06 04:08:02
2016-02-05 16:00:00,France,National,GS CONSOLAT MARSEILLE vs COLMAR,2-1 (1-0),Over / Under,Over +2.25,1.86,,60,51.60,Win,Hubert Tisci,Football,2016-02-05 14:14:05
2016-02-05 00:00:00,Paraguay,Primera Division,CERRO PORTENO vs GENERAL CABALLERO,3-0 (1-0),Over / Under,Over +3.25,2.07,,60,-30.00,Half lost,Hubert Tisci,Football,2016-02-04 21:47:02
2016-02-03 20:45:00,Italy,Serie A,US PALERMO vs AC MILAN,0-2 (0-2),Over / Under,Over +2.25,1.82,,80,-40.00,Half lost,Hubert Tisci,Football,2016-02-03 19:31:23
2016-02-03 19:00:00,France,Ligue 1,OGC NICE vs TOULOUSE FC,1-0 (0-0),Over / Under,Over +2.25,1.84,,40,-40.00,Lost,Hubert Tisci,Football,2016-02-02 23:44:01
2016-02-02 20:45:00,England,Premier League,SUNDERLAND AFC vs MANCHESTER CITY,0-1 (0-1),Over / Under,Over +2.50,1.78,,40,-40.00,Lost,Hubert Tisci,Football,2016-02-01 21:56:02
2016-01-31 20:30:00,Spain,Liga BBVA,REAL MADRID vs ESPANYOL BARCELONA,6-0 (4-0),Asian handicap,REAL MADRID -2.50,1.90,,40,36.00,Win,Hubert Tisci,Football,2016-01-31 02:54:02
2016-01-31 20:15:00,Portugal,Liga Sagres,MOREIRENSE FC vs BENFICA LISBON,1-4 (0-2),Over / Under,Over +2.50,1.83,,80,66.40,Win,Hubert Tisci,Football,2016-01-31 03:17:01
2016-01-30 20:00:00,France,Ligue 1,FC LORIENT vs STADE REIMS,2-0 (1-0),Over / Under,Over +2.25,1.87,,80,-40.00,Half lost,Hubert Tisci,Football,2016-01-30 01:03:02
2016-01-30 13:45:00,England,FA Cup,COLCHESTER UNITED vs TOTTENHAM HOTSPUR,1-4 (0-1),Asian handicap,TOTTENHAM HOTSPUR -1.25,1.80,,60,48.00,Win,Hubert Tisci,Football,2016-01-30 02:16:02
2016-01-29 20:00:00,France,Ligue 2,OLYMPIQUE NIMES vs AJ AUXERRE,2-1 (1-0),Over / Under Team,OLYMPIQUE NIMES Over +1.25,1.95,,60,57.00,Win,Hubert Tisci,Football,2016-01-27 23:44:02
2016-01-27 20:45:00,Netherlands,Eredivisie,SBV EXCELSIOR vs PSV EINDHOVEN,1-3 (0-1),Asian handicap,PSV EINDHOVEN -1.25,1.83,,80,66.40,Win,Hubert Tisci,Football,2016-01-27 18:24:01
2016-01-27 15:00:00,International Clubs,Club Friendly Games,FC LUZERN vs FC WOHLEN,0-1 (0-1),Over / Under,Over +3.25,1.83,,60,-60.00,Lost,Hubert Tisci,Football,2016-01-27 13:57:02
2016-01-24 20:30:00,Spain,Liga BBVA,BETIS SEVILLA vs REAL MADRID,1-1 (1-0),Asian handicap,REAL MADRID -1.50,1.92,,40,-40.00,Lost,Hubert Tisci,Football,2016-01-24 00:12:07
2016-01-24 17:00:00,Spain,Segunda B Group III,CD ALCOYANO vs LEVANTE B,2-0,Over / Under Team,CD ALCOYANO Over +1.50,1.85,,40,34.00,Win,Hubert Tisci,Football,2016-01-24 13:31:02
2016-01-23 20:00:00,France,Ligue 1,OGC NICE vs FC LORIENT,2-1 (2-1),Over / Under,Over +2.50,2.08,,40,43.20,Win,Hubert Tisci,Football,2016-01-23 18:36:02
2016-01-23 16:00:00,England,League One,CREWE ALEXANDRA FC vs WIGAN ATHLETIC,1-1 (1-1),Over / Under,Over +2.50,1.90,,60,-60.00,Lost,Hubert Tisci,Football,2016-01-22 22:22:01
2016-01-20 16:00:00,Portugal,Carlsberg Cup,MOREIRENSE FC vs CD NACIONAL,0-0 (0-0),Over / Under,Over +2.00,1.76,,30,-30.00,Lost,Hubert Tisci,Football,2016-01-19 22:14:02
2016-01-19 18:00:00,France,Coupe de France,STADE RENNES vs BOURG PERONNAS,1-3 (1-0),Over / Under,Over +2.50,1.95,,60,57.00,Win,Hubert Tisci,Football,2016-01-18 19:43:02
2016-01-17 16:00:00,Spain,Liga BBVA,REAL MADRID vs SPORTING GIJON,5-1 (5-0),Asian handicap,REAL MADRID -2.75,1.87,,40,34.80,Win,Hubert Tisci,Football,2016-01-17 14:31:03
2016-01-17 14:00:00,France,Ligue 1,FC LORIENT vs AS MONACO,0-2 (0-0),Over / Under,Over +2.25,1.92,,40,-20.00,Half lost,Hubert Tisci,Football,2016-01-17 04:57:02
2016-01-16 16:00:00,England,League Two,CRAWLEY TOWN vs NOTTS COUNTY,0-1 (0-0),Over / Under,Over +2.50,1.89,,60,-60.00,Lost,Hubert Tisci,Football,2016-01-15 02:43:04
2016-01-15 20:00:00,France,Ligue 2,DIJON FCO vs BOURG PERONNAS,3-0 (2-0),Over / Under,Over +2.50,1.99,,40,39.60,Win,Hubert Tisci,Football,2016-01-15 02:12:02
2016-01-13 14:00:00,International Clubs,Club Friendly Games,FK BAUMIT JABLONEC vs FC GRAFFIN VLASIM,4-2 (4-1),Over / Under,Over +3.50,1.73,,40,29.20,Win,Hubert Tisci,Football,2016-01-13 11:45:02
2016-01-08 20:00:00,France,Ligue 2,BOURG PERONNAS vs US CRETEIL,5-1 (1-1),Over / Under,Over +2.50,2.04,,40,41.60,Win,Hubert Tisci,Football,2016-01-05 22:29:02
2016-01-03 15:00:00,France,Coupe de France,FC MULHOUSE vs BOURG PERONNAS,1-3 (0-2),Over / Under,Over +2.50,2.15,,40,46.00,Win,Hubert Tisci,Football,2016-01-03 13:51:02
2016-01-02 16:00:00,England,Skrill North,AFC FYLDE vs CHORLEY FC,1-0 (0-0),Over / Under,Over +3.00,1.88,,60,-60.00,Lost,Hubert Tisci,Football,2016-01-02 03:21:02
2016-01-02 16:00:00,England,Skrill Premier,HALIFAX TOWN vs LINCOLN CITY,2-2 (1-1),Asian handicap,HALIFAX TOWN +0.25,1.74,,60,22.20,Half win,Hubert Tisci,Football,2015-12-31 23:08:02
2015-12-28 16:00:00,England,League One,GILLINGHAM FC vs COLCHESTER UNITED,1-0 (0-0),Match Odds,GILLINGHAM FC,1.66,,80,52.80,Win,Hubert Tisci,Football,2015-12-27 00:44:03
2015-12-26 16:00:00,England,League One,PETERBOROUGH UNITED vs CHESTERFIELD FC,2-0 (1-0),Match Odds,PETERBOROUGH UNITED,1.67,,80,53.60,Win,Hubert Tisci,Football,2015-12-24 23:34:01
2015-12-26 16:00:00,England,League One,COLCHESTER UNITED vs SOUTHEND UNITED,0-2 (0-0),Over / Under,Over +2.75,1.77,,80,-80.00,Lost,Hubert Tisci,Football,2015-12-24 23:18:02
2015-12-19 16:00:00,England,League Two,NORTHAMPTON TOWN vs PORTSMOUTH FC,1-2 (1-1),Asian handicap,NORTHAMPTON TOWN +0.25,2.04,,40,-40.00,Lost,Hubert Tisci,Football,2015-12-18 22:27:02
2015-12-19 16:00:00,England,Skrill North,NUNEATON TOWN FC vs CHORLEY FC,2-2 (1-2),Over / Under,Over +2.75,1.82,,60,49.20,Win,Hubert Tisci,Football,2015-12-17 23:36:04
2015-12-19 16:00:00,England,League Two,CARLISLE UNITED vs NOTTS COUNTY,3-0 (2-0),Over / Under,Over +2.75,1.92,,80,36.80,Half win,Hubert Tisci,Football,2015-12-17 23:12:01
2015-12-16 20:30:00,Germany,DFB Pokal,FC AUGSBURG vs BORUSSIA DORTMUND,0-2 (0-0),Over / Under,Over +3.00,1.81,,40,-40.00,Lost,Hubert Tisci,Football,2015-12-16 00:29:02
2015-12-15 20:00:00,France,Coupe de la Ligue,FC LORIENT vs DIJON FCO,3-0 (1-0),Over / Under,Over +2.50,1.94,,60,56.40,Win,Hubert Tisci,Football,2015-12-15 17:49:02
2015-12-13 17:30:00,Ecuador,Serie A,DEPORTIVO QUITO vs CLUB SPORT EMELEC,0-1 (0-0),Over / Under,Over +2.50,1.70,,60,-60.00,Lost,Hubert Tisci,Football,2015-12-13 02:31:02
2015-12-13 14:30:00,Switzerland,Swiss Cup,FC LUGANO vs FC KONIZ,0-0 (0-0),Over / Under,Over +3.50,2.15,Bwin,60,-60.00,Lost,Hubert Tisci,Football,2015-12-12 22:35:05
2015-12-12 18:30:00,Germany,Bundesliga,BAYER LEVERKUSEN vs MONCHENGLADBACH,5-0 (1-0),Over / Under Team,MONCHENGLADBACH Over +1.00,1.70,,80,-80.00,Lost,Hubert Tisci,Football,2015-12-12 12:21:02
2015-12-12 16:00:00,England,League One,COLCHESTER UNITED vs BARNSLEY FC,2-3 (0-2),Over / Under,Over +2.75,1.82,,80,65.60,Win,Hubert Tisci,Football,2015-12-11 22:21:02
2015-12-12 16:00:00,England,League One,PETERBOROUGH UNITED vs SHREWSBURY TOWN,1-1 (0-0),Match Odds,PETERBOROUGH UNITED,1.74,,60,-60.00,Lost,Hubert Tisci,Football,2015-12-11 00:29:01
2015-12-10 21:05:00,European cups,UEFA Europa League,PARTIZAN BELGRADE vs FC AUGSBURG,1-3 (1-1),Over / Under,Over +2.75,1.81,,60,48.60,Win,Hubert Tisci,Football,2015-12-10 16:11:04
2015-12-09 20:45:00,England,Skrill North,FC UNITED OF MANCHESTER vs NUNEATON TOWN FC,3-2 (2-2),Over / Under,Over +2.50,1.72,,60,43.20,Win,Hubert Tisci,Football,2015-12-09 00:20:02
2015-12-06 15:00:00,England,FA Cup,COLCHESTER UNITED vs ALTRINCHAM FC,3-2 (1-1),Over / Under,Over +3.00,1.84,,60,50.40,Win,Hubert Tisci,Football,2015-12-06 00:28:01
2015-12-05 18:30:00,Germany,Bundesliga,VFL WOLFSBURG vs BORUSSIA DORTMUND,1-2 (0-1),Over / Under,Over +3.00,1.83,,60,0.00,Void,Hubert Tisci,Football,2015-12-05 17:19:02
2015-12-05 18:30:00,Netherlands,Eredivisie,SBV EXCELSIOR vs FC TWENTE ENSCHEDE,1-1 (1-0),Over / Under,Over +2.75,1.75,,60,-60.00,Lost,Hubert Tisci,Football,2015-12-04 18:20:03
2015-12-05 18:00:00,Poland,Ekstraklasa,GKS PIAST GLIWICE vs KS CRACOVIA,2-2 (1-1),Over / Under,Over +2.50,1.82,,70,57.40,Win,Hubert Tisci,Football,2015-12-04 22:16:01
2015-12-05 16:00:00,England,Skrill Premier,HALIFAX TOWN vs GUISELEY FC,1-1 (0-0),Over / Under,Over +2.75,1.83,,80,-80.00,Lost,Hubert Tisci,Football,2015-12-04 17:50:01
2015-12-03 21:30:00,Venezuela,"Primera Division, Relegation Promotion Playoffs",METROPOLITANOS FC vs DEPORTIVO JBL DEL ZULIA,1-1 (0-0),Over / Under,Over +2.50,2.00,,40,-40.00,Lost,Hubert Tisci,Football,2015-12-03 20:08:02
2015-12-03 01:00:00,Ecuador,Serie A,DEPORTIVO QUITO vs INDEPENDIENTE DEL VALLE,0-5 (0-3),Over / Under,Over +2.50,1.93,,40,37.20,Win,Hubert Tisci,Football,2015-12-02 22:28:02
2015-11-30 20:00:00,Netherlands,Jupiler League,JONG AJAX vs SPARTA ROTTERDAM,1-1 (0-1),Over / Under,Over +3.00,1.79,,60,-60.00,Lost,Hubert Tisci,Football,2015-11-30 17:28:01
2015-11-29 22:15:00,Bolivia,"Liga Profesional, Apertura",BLOOMING vs BOLIVAR LA PAZ,2-2 (1-0),Over / Under,Over +3.00,1.85,,60,51.00,Win,Hubert Tisci,Football,2015-11-29 17:50:02
2015-11-29 14:30:00,Belgium,Jupiler Pro League,RSC ANDERLECHT vs OUD-HEVERLEE LEUVEN,3-2 (2-1),Asian handicap,RSC ANDERLECHT -1.50,1.80,,60,-60.00,Lost,Hubert Tisci,Football,2015-11-28 23:04:03
2015-11-28 20:45:00,Netherlands,Eredivisie,FC TWENTE ENSCHEDE vs WILLEM II TILBURG,1-3 (1-3),Over / Under,Over +2.50,1.72,,60,43.20,Win,Hubert Tisci,Football,2015-11-27 23:12:02
2015-11-28 20:30:00,Spain,Liga BBVA,MALAGA CF vs GRANADA CF,2-2 (1-0),Match Odds,MALAGA CF,1.83,,40,-40.00,Lost,Hubert Tisci,Football,2015-11-27 22:42:02
2015-11-28 16:00:00,England,Skrill Premier,HALIFAX TOWN vs DOVER ATHLETIC,4-2 (3-1),Over / Under,Over +2.75,1.93,,80,74.40,Win,Hubert Tisci,Football,2015-11-27 23:47:03
2015-11-27 20:00:00,Netherlands,Jupiler League,ALMERE CITY FC vs FC OSS,0-1 (0-1),Over / Under,Over +3.00,1.79,,60,-60.00,Lost,Hubert Tisci,Football,2015-11-26 22:45:01
2015-11-26 19:00:00,European cups,UEFA Europa League,AZ ALKMAAR vs PARTIZAN BELGRADE,1-2 (0-0),Over / Under,Over +2.50,1.81,,60,48.60,Win,Hubert Tisci,Football,2015-11-25 01:16:02
2015-11-24 20:45:00,England,League One,PETERBOROUGH UNITED vs BARNSLEY FC,3-2 (1-1),Over / Under Team,PETERBOROUGH UNITED Over +1.50,1.91,,80,72.80,Win,Hubert Tisci,Football,2015-11-23 23:01:01
2015-11-24 18:00:00,European cups,UEFA Champions League,FC BATE BORISOV vs BAYER LEVERKUSEN,1-1 (1-0),Over / Under,Over +2.50,1.77,,40,-40.00,Lost,Hubert Tisci,Football,2015-11-24 00:25:05
2015-11-23 06:00:00,Japan,J.League 2,FC GIFU vs AVISPA FUKUOKA,1-4 (0-1),Asian handicap,AVISPA FUKUOKA -0.75,1.78,,40,31.20,Win,Hubert Tisci,Football,2015-11-23 00:08:05
2015-11-22 20:00:00,Brazil,Brasilero Serie A,ATLETICO MINEIRO MG vs GOIAS GO,2-2 (1-1),Over / Under,Over +2.75,1.91,,60,54.60,Win,Hubert Tisci,Football,2015-11-22 15:50:05
2015-11-21 16:00:00,England,Skrill Premier,GATESHEAD FC vs HALIFAX TOWN,1-4 (1-3),Over / Under,Over +3.00,2.06,,80,84.80,Win,Hubert Tisci,Football,2015-11-21 00:22:03
2015-11-21 16:00:00,England,League One,WIGAN ATHLETIC vs SHREWSBURY TOWN,1-0 (1-0),Match Odds,WIGAN ATHLETIC,1.76,,60,45.60,Win,Hubert Tisci,Football,2015-11-20 23:56:03
2015-11-21 16:00:00,England,League One,MILLWALL FC vs COLCHESTER UNITED,4-1 (2-0),Over / Under,Over +2.75,1.88,,80,70.40,Win,Hubert Tisci,Football,2015-11-20 22:53:02
2015-11-21 09:30:00,Russia,1st Division,ZENIT-2 ST.PETERSBURG vs FC TOM TOMSK,0-0 (0-0),Over / Under,Over +2.50,1.75,Bwin,80,-80.00,Lost,Hubert Tisci,Football,2015-11-20 17:43:03
2015-11-20 20:00:00,Bolivia,"Liga Profesional, Apertura",SPORT BOYS vs CA NACIONAL POTOSI,1-0 (0-0),Over / Under,Over +3.00,1.91,,40,-40.00,Lost,Hubert Tisci,Football,2015-11-20 19:00:07
2015-11-19 17:45:00,Poland,Puchar Polski,KS CRACOVIA vs ZAGLEBIE SOSNOWIEC SA,0-2 (0-2),Over / Under,Over +2.50,1.93,,60,-60.00,Lost,Hubert Tisci,Football,2015-11-19 00:20:04
2015-11-18 20:30:00,Venezuela,Primera Division,DVO TACHIRA vs METROPOLITANOS FC,2-3 (1-1),Over / Under,Over +2.50,1.85,,80,68.00,Win,Hubert Tisci,Football,2015-11-18 13:39:02
2015-11-16 18:00:00,International Youth,U21 Euro Qualification,ALBANIA vs LIECHTENSTEIN,2-0 (1-0),Asian handicap,ALBANIA -2.50,1.92,,40,-40.00,Lost,Hubert Tisci,Football,2015-11-16 13:36:04
2015-11-15 15:00:00,Russia,1st Division,ZENIT-2 ST.PETERSBURG vs FK TOSNO,2-1 (1-0),Over / Under,Over +2.50,1.94,,80,75.20,Win,Hubert Tisci,Football,2015-11-15 13:17:06
2015-11-14 16:00:00,England,Skrill North,BOSTON UNITED vs CORBY TOWN,2-0 (1-0),Over / Under,Over +3.00,1.93,,70,-70.00,Lost,Hubert Tisci,Football,2015-11-14 14:38:08
2015-11-14 16:00:00,England,League One,COLCHESTER UNITED vs COVENTRY CITY,1-3 (1-2),Over / Under,Over +2.75,1.90,,80,72.00,Win,Hubert Tisci,Football,2015-11-14 00:51:07
2015-11-14 06:00:00,Japan,J.League 2,JUBILO IWATA vs YOKOHAMA FC,0-0 (0-0),Asian handicap,JUBILO IWATA -1.50,2.17,,40,-40.00,Lost,Hubert Tisci,Football,2015-11-13 22:30:04
2015-11-13 20:30:00,International,International Friendly Games,CZECH REPUBLIC vs SERBIA,4-1 (1-0),Over / Under,Over +2.00,1.79,,60,47.40,Win,Hubert Tisci,Football,2015-11-12 23:22:04
2015-11-12 19:30:00,International Clubs,Club Friendly Games,SBV EXCELSIOR vs SPARTA ROTTERDAM,4-0 (2-0),Over / Under,Over +3.00,1.83,,60,49.80,Win,Hubert Tisci,Football,2015-11-12 12:06:27
2015-11-08 16:00:00,Russia,1st Division,ARSENAL TULA vs ZENIT-2 ST.PETERSBURG,2-1 (1-0),Over / Under,Over +2.50,2.07,,40,42.80,Win,Hubert Tisci,Football,2015-11-08 00:43:41
2015-11-08 15:00:00,England,FA Cup,BRISTOL ROVERS vs CHESHAM UTD,0-1 (0-0),Over / Under,Over +3.50,2.50,,60,-60.00,Lost,Hubert Tisci,Football,2015-11-08 13:43:06
2015-11-08 00:00:00,Paraguay,"Primera Division, Clausura",SOL DE AMERICA vs CLUB GUARANI,2-4 (0-1),Over / Under,Over +2.50,1.85,,80,68.00,Win,Hubert Tisci,Football,2015-11-06 23:58:08
2015-11-07 19:45:00,Netherlands,Eredivisie,NEC NIJMEGEN vs DE GRAAFSCHAP,2-0 (1-0),Asian handicap,NEC NIJMEGEN -1.00,1.85,,60,51.00,Win,Hubert Tisci,Football,2015-11-05 22:35:19
2015-11-05 21:05:00,European cups,UEFA Europa League,ATHLETIC BILBAO vs PARTIZAN BELGRADE,5-1 (3-1),Asian handicap,ATHLETIC BILBAO -1.50,1.88,,80,70.40,Win,Hubert Tisci,Football,2015-11-04 00:26:03
2015-11-04 20:45:00,European cups,UEFA Champions League,AS ROMA vs BAYER LEVERKUSEN,3-2 (2-0),Over / Under,Over +2.75,1.88,,60,52.80,Win,Hubert Tisci,Football,2015-11-02 20:57:02
2015-11-03 22:00:00,Paraguay,"Primera Division, Clausura",CLUB GUARANI vs NACIONAL FC,4-0 (1-0),Over / Under,Over +2.50,1.80,,100,80.00,Win,Hubert Tisci,Football,2015-11-02 20:33:33
2015-11-01 21:00:00,Bolivia,"Liga Profesional, Apertura",BOLIVAR LA PAZ vs UNIVERSITARIO DE SUCRE,5-2 (2-2),Over / Under,Over +3.50,2.03,,60,61.80,Win,Hubert Tisci,Football,2015-11-01 19:57:09
2015-11-01 21:00:00,Brazil,Brasilero Serie A,VASCO DA GAMA RJ vs FLUMINENSE RJ,0-1 (0-1),Match Odds,VASCO DA GAMA RJ,2.30,,40,-40.00,Lost,Hubert Tisci,Football,2015-11-01 19:11:40
2015-11-01 17:00:00,England,Premier League,SOUTHAMPTON FC vs BOURNEMOUTH AFC,2-0 (2-0),Over / Under,Over +2.50,1.82,,60,-60.00,Lost,Hubert Tisci,Football,2015-11-01 02:06:04
2015-10-31 23:30:00,Paraguay,"Primera Division, Clausura",SOL DE AMERICA vs CLUB SPORTIVO LUQUENO,2-1 (1-0),Over / Under,Over +2.50,1.72,,100,72.00,Win,Hubert Tisci,Football,2015-10-30 23:28:03
2015-10-31 23:00:00,Argentina,Primera Division,VELEZ SARSFIELD vs RIVER PLATE,0-1 (0-0),Asian handicap,VELEZ SARSFIELD +0.25,1.87,,40,-40.00,Lost,Hubert Tisci,Football,2015-10-30 20:45:03
2015-10-31 17:00:00,Serbia,Superliga,FK RED STAR BELGRADE vs OFK BELGRADE,4-1 (1-0),Over / Under,Over +3.00,1.76,,80,60.80,Win,Hubert Tisci,Football,2015-10-31 14:59:34
2015-10-31 17:00:00,Israel,Premier League,HAPOEL TEL AVIV vs MACCABI TEL AVIV,0-1 (0-0),Over / Under,Over +2.50,1.85,,60,-60.00,Lost,Hubert Tisci,Football,2015-10-31 14:43:05
2015-10-31 16:00:00,Scotland,Second Division,AYR UNITED vs STRANRAER FC,3-1 (2-1),Match Odds,AYR UNITED,1.72,,40,28.80,Win,Hubert Tisci,Football,2015-10-30 20:54:03
2015-10-30 18:00:00,Czech Republic,1st Division,DUKLA PRAGUE vs FC FASTAV ZLIN,1-0 (0-0),Over / Under,Over +2.50,1.75,,60,-60.00,Lost,Hubert Tisci,Football,2015-10-30 02:25:02
2015-10-29 21:00:00,International Youth,U17 World Championship,CROATIA vs GERMANY,2-0 (1-0),Over / Under,Over +2.50,1.72,,80,-80.00,Lost,Hubert Tisci,Football,2015-10-29 16:21:38
2015-10-28 19:15:00,Peru,"Primera Division, Clausura",JUAN AURICH DE CHICLAYO vs UNION COMERCIO,1-0 (0-0),Over / Under,Over +2.50,1.85,,60,-60.00,Lost,Hubert Tisci,Football,2015-10-28 00:02:00
2015-10-27 20:30:00,Poland,Puchar Polski,ZAGLEBIE SOSNOWIEC SA vs KS CRACOVIA,1-2 (1-1),Over / Under,Over +2.50,2.06,,60,63.60,Win,Hubert Tisci,Football,2015-10-26 23:59:04
2015-10-25 16:30:00,Austria,tipp3-Bundesliga,SK RAPID VIENNA vs FK AUSTRIA VIENNA,1-2 (0-0),Over / Under,Over +2.50,1.81,,80,64.80,Win,Hubert Tisci,Football,2015-10-25 14:23:06
2015-10-25 15:00:00,Belgium,EXQI League,KSK HEIST vs LIERSE SK,0-1 (0-1),Over / Under,Over +2.75,1.75,,80,-80.00,Lost,Hubert Tisci,Football,2015-10-24 22:27:05
2015-10-25 12:00:00,Finland,Veikkausliiga,KUOPIO PS vs HJK HELSINKI,0-1 (0-0),Asian handicap,HJK HELSINKI -0.75,1.78,,60,23.40,Half win,Hubert Tisci,Football,2015-10-24 22:48:03
2015-10-24 16:00:00,England,League Two,ACCRINGTON STANLEY vs DAGENHAM & REDBRIDGE,3-1 (2-0),Over / Under,Over +2.50,1.79,,80,63.20,Win,Hubert Tisci,Football,2015-10-24 14:04:57
2015-10-24 14:00:00,Germany,Regionalliga Southwest,EINTRACHT TRIER vs TSV STEINBACH,2-2 (1-0),Asian handicap,EINTRACHT TRIER -1.75,1.81,,60,-60.00,Lost,Hubert Tisci,Football,2015-10-24 13:03:49
2015-10-24 01:00:00,International Youth,U17 World Championship,CROATIA vs NIGERIA,2-1 (0-1),Over / Under,Over +2.50,1.79,,60,47.40,Win,Hubert Tisci,Football,2015-10-23 23:13:35
2015-10-23 20:45:00,Ireland,Airtricity Premier Division,LIMERICK 37 FC vs SHAMROCK ROVERS FC,0-2 (0-2),Over / Under Team,LIMERICK 37 FC Over +1.00,2.01,,80,-80.00,Lost,Hubert Tisci,Football,2015-10-23 02:33:45
2015-10-23 20:30:00,Spain,Liga BBVA,RAYO VALLECANO vs ESPANYOL BARCELONA,3-0 (1-0),Over / Under,Over +2.50,1.99,,80,79.20,Win,Hubert Tisci,Football,2015-10-23 16:33:05
2015-10-22 19:00:00,European cups,UEFA Europa League,APOEL NICOSIA FC vs ASTERAS TRIPOLIS,2-1 (1-1),Over / Under,Over +2.00,1.74,,80,59.20,Win,Hubert Tisci,Football,2015-10-22 16:15:02
2015-10-22 19:00:00,European cups,UEFA Europa League,RSC ANDERLECHT vs TOTTENHAM HOTSPUR,2-1 (1-1),Asian handicap,RSC ANDERLECHT +0.25,1.84,,40,33.60,Win,Hubert Tisci,Football,2015-10-22 15:26:02
2015-10-22 19:00:00,European cups,UEFA Europa League,PARTIZAN BELGRADE vs ATHLETIC BILBAO,0-2 (0-1),Over / Under,Over +2.50,2.08,,60,-60.00,Lost,Hubert Tisci,Football,2015-10-21 22:25:03
2015-10-21 20:45:00,European cups,UEFA Champions League,ATLETICO MADRID vs FC ASTANA,4-0 (2-0),Asian handicap,ATLETICO MADRID -2.00,1.65,,80,52.00,Win,Hubert Tisci,Football,2015-10-21 02:27:45
2015-10-21 17:30:00,Serbia,Superliga,FK RED STAR BELGRADE vs FK VOJVODINA,3-0 (1-0),Over / Under,Over +2.50,1.93,,60,55.80,Win,Hubert Tisci,Football,2015-10-21 12:30:17
2015-10-20 20:45:00,England,League One,GILLINGHAM FC vs SCUNTHORPE UTD,2-1 (0-0),Over / Under,Over +2.50,1.90,,60,54.00,Win,Hubert Tisci,Football,2015-10-20 14:37:35
2015-10-20 20:45:00,England,League Two,MORECAMBE FC vs CRAWLEY TOWN,3-1 (1-0),Over / Under,Over +2.50,1.83,,80,66.40,Win,Hubert Tisci,Football,2015-10-19 22:50:09
2015-10-18 21:00:00,Brazil,Brasilero Serie A,SANTOS FC SP vs GOIAS GO,3-1 (3-0),Asian handicap,SANTOS FC SP -1.00,1.85,,80,68.00,Win,Hubert Tisci,Football,2015-10-18 14:36:03
2015-10-18 13:00:00,Finland,Veikkausliiga,HJK HELSINKI vs IFK MARIEHAMN,4-0 (0-0),Asian handicap,HJK HELSINKI -1.00,1.71,,80,56.80,Win,Hubert Tisci,Football,2015-10-18 01:48:05
2015-10-18 13:00:00,Finland,Veikkausliiga,ROVANIEMI PALLOSEURA vs KUOPIO PS,2-1 (2-0),Match Odds,ROVANIEMI PALLOSEURA,1.66,,100,66.00,Win,Hubert Tisci,Football,2015-10-15 14:38:03
2015-10-17 19:30:00,Ireland,Airtricity Premier Division,LIMERICK 37 FC vs DERRY CITY FC,0-2 (0-0),Over / Under 1st Half Team,LIMERICK 37 FC Over +0.50,1.87,,80,-80.00,Lost,Hubert Tisci,Football,2015-10-17 18:18:26
2015-10-17 16:00:00,England,Skrill Premier,WOKING FC vs WREXHAM FC,0-1 (0-1),Over / Under,Over +2.50,1.80,,80,-80.00,Lost,Hubert Tisci,Football,2015-10-17 14:27:04
2015-10-17 16:00:00,England,League One,WIGAN ATHLETIC vs COLCHESTER UTDFC,5-0 (4-0),Over / Under,Over +2.50,1.93,,80,74.40,Win,Hubert Tisci,Football,2015-10-15 02:33:02
2015-10-13 17:30:00,International Youth,U21 Euro Qualification,LITHUANIA vs SERBIA,0-2 (0-2),Asian handicap,SERBIA -1.50,1.69,,80,55.20,Win,Hubert Tisci,Football,2015-10-12 23:03:04
2015-10-11 15:00:00,Belgium,EXQI League,KSV ROESELARE vs LIERSE SK,2-1 (0-0),Over / Under,Over +2.50,1.75,,60,45.00,Win,Hubert Tisci,Football,2015-10-10 21:08:11
2015-10-10 16:00:00,England,Skrill Premier,DOVER ATHLETIC vs WREXHAM FC,2-1 (1-1),Over / Under,Over +2.50,1.88,,60,52.80,Win,Hubert Tisci,Football,2015-10-10 02:28:03
2015-10-10 16:00:00,Sweden,Div 1,NORRBY IF vs LUNDS BK,4-2 (2-0),Over / Under,Over +3.50,1.93,,80,74.40,Win,Hubert Tisci,Football,2015-10-09 14:41:02
2015-10-09 20:45:00,Ireland,Airtricity Premier Division,GALWAY UNITED FC vs LIMERICK 37 FC,1-3 (0-1),Over / Under Team,LIMERICK 37 FC Over +1.50,2.00,,80,80.00,Win,Hubert Tisci,Football,2015-10-09 02:08:05
2015-10-08 18:00:00,International,Euro Cup,GEORGIA vs GIBRALTAR,4-0 (3-0),Over / Under,Over +3.50,1.73,,80,58.40,Win,Hubert Tisci,Football,2015-10-05 22:08:03
2015-10-07 20:30:00,Belgium,EXQI League,CERCLE BRUGGE KSV vs KVV COXYDE,1-0 (0-0),Over / Under,Over +2.75,1.81,,80,-80.00,Lost,Hubert Tisci,Football,2015-10-07 01:53:02
2015-10-06 20:45:00,England,Skrill Premier,WELLING UTD vs BROMLEY FC,1-2 (1-1),Over / Under,Over +2.50,1.82,,60,49.20,Win,Hubert Tisci,Football,2015-10-05 22:58:02
2015-10-05 19:00:00,Norway,Adeccoligaen,FREDRIKSTAD FK vs BAERUM SK,3-3 (1-1),Over / Under,Over +3.50,2.12,,60,67.20,Win,Hubert Tisci,Football,2015-10-05 18:00:13
2015-10-04 23:30:00,Argentina,Primera Division,BOCA JUNIORS vs CRUCERO DEL NORTE,1-0 (1-0),Over / Under,Over +2.75,1.76,,80,-80.00,Lost,Hubert Tisci,Football,2015-10-04 22:12:02
2015-10-04 20:45:00,Italy,Serie A,AC MILAN vs SSC NAPOLI,0-4 (0-1),Over / Under,Over +2.50,1.95,,60,57.00,Win,Hubert Tisci,Football,2015-10-04 19:04:08
2015-10-04 17:45:00,Slovenia,PrvaLiga,NK OLIMPIJA LJUBLJANA vs NK KRSKO,5-0 (2-0),Asian handicap,NK OLIMPIJA LJUBLJANA -1.75,1.82,,40,32.80,Win,Hubert Tisci,Football,2015-10-04 13:51:13
2015-10-04 15:30:00,Poland,Ekstraklasa,KS GORNIK ZABRZE vs LEGIA WARSAW,2-2 (2-2),Over / Under,Over +2.00,1.46,,80,36.80,Win,Hubert Tisci,Football,2015-10-04 03:24:03
2015-10-04 13:45:00,Switzerland,Axpo Super League,YOUNG BOYS BERN vs GRASSHOPPER CLUB ZURICH,3-1 (2-0),Over / Under,Over +2.75,1.75,,80,60.00,Win,Hubert Tisci,Football,2015-10-04 02:52:03
2015-10-04 02:00:00,Mexico,"Primera Division, Apertura",CF MONTERREY vs LEON,4-0 (3-0),Over / Under,Over +2.50,1.57,,80,45.60,Win,Hubert Tisci,Football,2015-10-03 22:55:02
2015-10-03 20:30:00,Belgium,Jupiler Pro League,ST. TRUIDENSE VV vs WAASLAND-BEVEREN,1-3 (0-2),Over / Under,Over +2.50,1.78,,80,62.40,Win,Hubert Tisci,Football,2015-10-03 18:38:05
2015-10-03 16:00:00,England,Premier League,NORWICH CITY vs LEICESTER CITY,1-2 (0-1),Over / Under,Over +2.50,1.79,,80,63.20,Win,Hubert Tisci,Football,2015-10-02 23:11:02
2015-10-03 15:00:00,Czech Republic,1st Division,FK MLADA BOLESLAV vs 1 FK PRIBRAM,4-0 (2-0),Over / Under,Over +2.75,1.80,,80,64.00,Win,Hubert Tisci,Football,2015-10-02 23:03:10
2015-10-02 20:00:00,France,National,LB CHATEAUROUX vs AVRANCHES,1-4 (0-2),Over / Under,Over +1.50,1.47,,80,37.60,Win,Hubert Tisci,Football,2015-10-02 13:25:03
2015-10-02 20:00:00,France,National,GS CONSOLAT MARSEILLE vs VENDEE LUCON,1-2 (1-1),Over / Under,Over +2.50,2.35,,80,108.00,Win,Hubert Tisci,Football,2015-10-02 03:42:03
2015-10-01 19:00:00,European cups,UEFA Europa League,AZ ALKMAAR vs ATHLETIC BILBAO,2-1 (0-0),Over / Under,Over +2.50,1.95,,80,76.00,Win,Hubert Tisci,Football,2015-09-30 14:36:04
2015-10-01 19:00:00,European cups,UEFA Europa League,FC AUGSBURG vs PARTIZAN BELGRADE,1-3 (0-1),Over / Under,Over +2.50,1.80,,100,80.00,Win,Hubert Tisci,Football,2015-09-30 12:07:02
2015-09-30 20:45:00,European cups,UEFA Champions League,MONCHENGLADBACH vs MANCHESTER CITY,1-2 (0-0),Over / Under,Over +2.50,1.78,,80,62.40,Win,Hubert Tisci,Football,2015-09-30 03:15:03
2015-09-29 20:45:00,England Amateur,Isthmian Football League,BRENTWOOD TOWN vs NEEDHAM MARKET FC,1-0,Over / Under,Over +2.50,1.60,,80,-80.00,Lost,Hubert Tisci,Football,2015-09-29 03:21:03
2015-09-29 00:00:00,Paraguay,"Primera Division, Clausura",CERRO PORTENO vs DEPORTIVO CAPIATA,1-0 (1-0),Match Odds,CERRO PORTENO,1.45,,60,27.00,Win,Hubert Tisci,Football,2015-09-28 22:58:04
2015-09-28 20:45:00,England Amateur,Isthmian Football League,FARNBOROUGH TOWN vs BOGNOR REGIS TOWN,2-1,Over / Under,Over +2.50,1.44,,80,35.20,Win,Hubert Tisci,Football,2015-09-28 19:28:06
2015-09-28 19:00:00,Norway,Adeccoligaen,SK BRANN vs BRYNE FK,2-1 (1-1),Match Odds,SK BRANN,1.55,,80,44.00,Win,Hubert Tisci,Football,2015-09-28 02:23:03
2015-09-27 18:00:00,Belgium,EXQI League,CERCLE BRUGGE KSV vs KSK HEIST,2-0 (0-0),Over / Under,Over +2.50,1.65,,60,-60.00,Lost,Hubert Tisci,Football,2015-09-27 02:22:03
2015-09-27 17:00:00,France,Ligue 1,EA GUINGAMP vs AS MONACO,3-3 (1-2),Over / Under,Over +1.50,1.44,,80,35.20,Win,Hubert Tisci,Football,2015-09-27 14:18:16
2015-09-27 15:00:00,Germany,Regionalliga North,LUNEBURGER SK vs GOSLARER SC,1-2 (1-0),Over / Under,Over +2.50,1.62,,80,49.60,Win,Hubert Tisci,Football,2015-09-26 23:07:02
2015-09-27 01:00:00,Paraguay,"Primera Division, Clausura",DEPORTIVO SANTANI vs CLUB SPORTIVO LUQUENO,4-1 (2-1),Over / Under,Over +1.50,1.29,,80,23.20,Win,Hubert Tisci,Football,2015-09-26 22:22:11
2015-09-26 19:30:00,Ireland,Airtricity Premier Division,LIMERICK 37 FC vs DUNDALK FC,1-3 (1-0),Over / Under Team,LIMERICK 37 FC Over +0.75,1.76,,100,38.00,Half win,Hubert Tisci,Football,2015-09-26 17:44:02
2015-09-26 19:00:00,Slovakia,1. Liga,AS TRENCIN vs MFK SKALICA,3-0 (2-0),Over / Under,Over +2.50,1.60,,100,60.00,Win,Hubert Tisci,Football,2015-09-26 17:02:12
2015-09-26 16:00:00,England,League One,SWINDON TOWN vs COLCHESTER UTDFC,1-2 (1-2),Over / Under,Over +2.50,1.71,,80,56.80,Win,Hubert Tisci,Football,2015-09-26 04:08:03
2015-09-26 16:00:00,Sweden,Allsvenskan,HALMSTADS BK vs MALMO FF,0-0 (0-0),Match Odds,MALMO FF,1.48,,80,-80.00,Lost,Hubert Tisci,Football,2015-09-26 03:30:11
2015-09-25 20:45:00,England,Championship,FULHAM FC vs QUEENS PARK RANGERS,4-0 (3-0),Over / Under,Over +1.50,1.22,,100,22.00,Win,Hubert Tisci,Football,2015-09-25 13:31:03
2015-09-25 20:00:00,Netherlands,Jupiler League,FC VOLENDAM vs ALMERE CITY FC,3-1 (3-0),Over / Under,Over +2.50,1.40,,80,32.00,Win,Hubert Tisci,Football,2015-09-25 13:39:02
2015-09-25 18:30:00,Austria,ADEG Erste Liga,WACKER INNSBRUCK vs FLORIDSDORFER AC,1-1 (0-1),Match Odds,WACKER INNSBRUCK,1.37,,80,-80.00,Lost,Hubert Tisci,Football,2015-09-25 03:39:02
2015-09-24 19:00:00,Sweden,Allsvenskan,HELSINGBORGS IF vs OREBRO SK,0-2 (0-0),Over / Under,Over +1.50,1.22,,100,22.00,Win,Hubert Tisci,Football,2015-09-24 11:34:03
2015-09-24 01:00:00,Chile,Primera Division,UNIVERSIDAD DE CHILE vs COBRESAL,2-1 (0-0),Over / Under,Over +3.50,2.10,,100,-100.00,Lost,Hubert Tisci,Football,2015-09-23 22:18:04
2015-09-23 20:45:00,Italy,Serie A,CARPI FC vs SSC NAPOLI,0-0 (0-0),Over / Under,Over +2.50,1.79,,80,-80.00,Lost,Hubert Tisci,Football,2015-09-23 13:13:02
2015-09-23 20:00:00,Belgium,Cofidis Cup,RSC ANDERLECHT vs SPOUWEN-MOPERTINGEN,3-1 (0-0),Over / Under,Over +4.50,2.05,,40,-40.00,Lost,Hubert Tisci,Football,2015-09-23 13:29:06
2015-09-23 18:20:00,Slovakia,1. Liga,AS TRENCIN vs MSK ZILINA,1-4 (1-1),Over / Under Team,AS TRENCIN Over +1.50,2.00,,40,-40.00,Lost,Hubert Tisci,Football,2015-09-23 13:20:06
2015-09-23 02:00:00,Mexico,"Copa MX, Apertura, Group 5",NECAXA vs ZACATEPEC,3-1 (0-1),Over / Under,Over +2.50,2.00,,100,100.00,Win,Hubert Tisci,Football,2015-09-22 23:38:05
2015-09-23 01:30:00,Brazil,Brasilero Serie B,BRAGANTINO SP vs BOA ESPORTE CLUBE,2-1 (1-0),Match Odds,BRAGANTINO SP,1.69,,80,55.20,Win,Hubert Tisci,Football,2015-09-22 23:57:03
2015-09-22 20:45:00,England,Carling Cup,LEICESTER CITY vs WEST HAM UTD,1-1 (1-1),Over / Under,Over +2.50,1.77,,40,-40.00,Lost,Hubert Tisci,Football,2015-09-22 19:21:11
2015-09-22 20:45:00,England,Skrill South,EBBSFLEET UTD vs WESTON SUPER MARE FC,2-1 (1-0),Asian handicap,EBBSFLEET UTD -1.50,2.06,,40,-40.00,Lost,Hubert Tisci,Football,2015-09-22 01:48:03
2015-09-20 23:00:00,Paraguay,"Primera Division, Clausura",CERRO PORTENO vs DEPORTIVO SANTANI,2-1 (1-0),Asian handicap,CERRO PORTENO -1.00,1.74,,100,0.00,Void,Hubert Tisci,Football,2015-09-20 12:44:03
2015-09-20 16:45:00,Netherlands,Eredivisie,VITESSE ARNHEM vs DE GRAAFSCHAP,3-0 (2-0),Asian handicap,VITESSE ARNHEM -1.50,1.70,,40,28.00,Win,Hubert Tisci,Football,2015-09-20 01:25:25
2015-09-20 15:30:00,Germany,Bundesliga,VFB STUTTGART vs FC SCHALKE 04,0-1 (0-0),Over / Under,Over +2.75,1.77,,60,-60.00,Lost,Hubert Tisci,Football,2015-09-20 13:00:07
2015-09-20 15:00:00,Italy,Serie A,TURIN FC vs SAMPDORIA GENOA,2-0 (2-0),Over / Under,Over +2.00,1.62,,60,0.00,Void,Hubert Tisci,Football,2015-09-20 00:30:05
2015-09-20 01:00:00,Paraguay,"Primera Division, Clausura",OLIMPIA ASUNCION vs CLUB SPORTIVO LUQUENO,4-2 (2-1),Match Odds,OLIMPIA ASUNCION,1.67,,40,26.80,Win,Hubert Tisci,Football,2015-09-19 23:52:02
2015-09-19 17:45:00,Slovenia,PrvaLiga,ND GORICA vs NK OLIMPIJA LJUBLJANA,0-3 (0-1),Over / Under,Over +2.50,1.72,,100,72.00,Win,Hubert Tisci,Football,2015-09-19 16:30:20
2015-09-19 16:00:00,Iceland,1 deild,VIKINGUR OLAFSVIK vs KF FJARDABYGGD,6-2 (3-0),Asian handicap,VIKINGUR OLAFSVIK -1.25,1.84,,80,67.20,Win,Hubert Tisci,Football,2015-09-19 14:38:03
2015-09-19 16:00:00,England,Skrill Premier,BOREHAM WOOD vs WREXHAM FC,0-1 (0-1),Over / Under,Over +2.50,1.70,,60,-60.00,Lost,Hubert Tisci,Football,2015-09-19 04:35:04
2015-09-19 15:30:00,Germany,Bundesliga,HAMBURGER SV vs EINTRACHT FRANKFURT,0-0 (0-0),Over / Under,Over +2.50,1.74,,60,-60.00,Lost,Hubert Tisci,Football,2015-09-19 04:18:04
2015-09-18 20:30:00,Belgium,EXQI League,LIERSE SK vs FC DESSEL SPORT,3-1 (1-1),Over / Under,Over +2.50,1.72,,60,43.20,Win,Hubert Tisci,Football,2015-09-18 01:41:02
2015-09-18 18:30:00,Austria,ADEG Erste Liga,FLORIDSDORFER AC vs LASK LINZ,0-2 (0-0),Asian handicap,LASK LINZ -0.75,1.74,,60,44.40,Win,Hubert Tisci,Football,2015-09-18 00:45:03
2015-09-18 18:00:00,Poland,Ekstraklasa,KS GORNIK ZABRZE vs WKS SLASK WROCLAW,2-0 (0-0),Over / Under,Over +2.50,2.02,,40,-40.00,Lost,Hubert Tisci,Football,2015-09-17 12:34:03
2015-09-17 21:05:00,European cups,UEFA Europa League,PARTIZAN BELGRADE vs AZ ALKMAAR,3-2 (2-1),Over / Under,Over +2.50,2.05,,60,63.00,Win,Hubert Tisci,Football,2015-09-17 02:32:04
2015-09-17 19:00:00,European cups,UEFA Europa League,FENERBAHCE vs MOLDE FK,1-3 (1-1),Over / Under Team,FENERBAHCE Over +1.75,1.59,,60,-60.00,Lost,Hubert Tisci,Football,2015-09-17 12:57:02
2015-09-17 03:30:00,Mexico,"Copa MX, Apertura, Group 3",JAGUARES DE CHIAPAS vs UNAM PUMAS,2-1 (2-0),Over / Under,Over +2.50,1.90,,40,36.00,Win,Hubert Tisci,Football,2015-09-17 02:16:02
2015-09-15 20:45:00,England,League One,SHEFFIELD UNITED vs COLCHESTER UTDFC,2-3 (0-2),Over / Under Team,SHEFFIELD UNITED Over +1.50,1.66,,40,26.40,Win,Hubert Tisci,Football,2015-09-15 12:49:02
2015-09-15 20:45:00,England,Skrill North,AFC FYLDE vs FC UNITED OF MANCHESTER,4-0 (1-0),Over / Under,Over +2.50,1.85,,40,34.00,Win,Hubert Tisci,Football,2015-09-15 02:25:03
2015-09-14 20:45:00,England,Skrill South,CHELMSFORD CITY vs CONCORD RANGERS,5-2 (2-0),Over / Under,Over +2.50,1.71,,40,28.40,Win,Hubert Tisci,Football,2015-09-14 13:10:22
2015-09-14 01:00:00,Paraguay,"Primera Division, Clausura",RUBIO NU vs CLUB GUARANI,0-1 (0-1),Over / Under,Over +2.50,1.80,,100,-100.00,Lost,Hubert Tisci,Football,2015-09-13 23:23:02
2015-09-13 21:00:00,France,Ligue 1,OLYMPIQUE MARSEILLE vs SC BASTIA,4-1 (1-0),Over / Under Team,OLYMPIQUE MARSEILLE Over +1.75,1.88,,60,52.80,Win,Hubert Tisci,Football,2015-09-13 14:42:04
2015-09-13 18:00:00,Poland,Ekstraklasa,RUCH CHORZOW vs KS GORNIK ZABRZE,1-0 (1-0),Over / Under,Over +2.50,2.08,,40,-40.00,Lost,Hubert Tisci,Football,2015-09-13 14:18:06
2015-09-13 02:00:00,Mexico,"Primera Division, Apertura",CF MONTERREY vs CRUZ AZUL,1-1 (0-1),Over / Under Team,CF MONTERREY Over +1.50,1.90,,40,-40.00,Lost,Hubert Tisci,Football,2015-09-12 23:02:07
2015-09-12 20:45:00,Netherlands,Eredivisie,PEC ZWOLLE vs SBV EXCELSIOR,3-0 (2-0),Match Odds,PEC ZWOLLE,1.77,,80,61.60,Win,Hubert Tisci,Football,2015-09-12 19:26:03
2015-09-12 20:45:00,Netherlands,Eredivisie,CAMBUUR LEEUWARDEN vs PSV EINDHOVEN,0-6 (0-3),Asian handicap,PSV EINDHOVEN -1.00,1.79,,60,47.40,Win,Hubert Tisci,Football,2015-09-11 01:05:05
2015-09-12 19:15:00,Turkey,Turkcell Super Lig,GALATASARAY ISTANBUL vs MERSIN IDMAN YURDU SK,1-1 (0-0),Asian handicap,GALATASARAY ISTANBUL -1.50,2.05,,80,-80.00,Lost,Hubert Tisci,Football,2015-09-12 18:13:22
2015-09-12 18:00:00,Spain,Segunda B Group III,BARCELONA B FC vs CE L'HOSPITALET,1-3,Over / Under,Over +2.50,2.15,,40,46.00,Win,Hubert Tisci,Football,2015-09-12 01:15:08
2015-09-12 16:00:00,England,Skrill North,FC UNITED OF MANCHESTER vs CORBY TOWN,1-0 (0-0),Over / Under,Over +2.50,1.70,,100,-100.00,Lost,Hubert Tisci,Football,2015-09-12 14:42:07
2015-09-12 16:00:00,England,Skrill North,BRADFORD PARK AVENUE vs SOLIHULL MOORS FC,1-1 (1-0),Over / Under,Over +2.50,1.70,,60,-60.00,Lost,Hubert Tisci,Football,2015-09-12 00:45:11
2015-09-12 15:00:00,Iceland,1 deild,HAUKAR HAFNARFJORDUR vs BI/BOLUNGARVIK,2-2 (0-1),Asian handicap,HAUKAR HAFNARFJORDUR -1.50,2.02,,60,-60.00,Lost,Hubert Tisci,Football,2015-09-12 13:50:06
2015-09-11 20:00:00,France,National,GS CONSOLAT MARSEILLE vs BOULOGNE SUR MER,0-2 (0-1),Over / Under,Over +2.00,1.98,,60,0.00,Void,Hubert Tisci,Football,2015-09-11 02:11:01
2015-09-10 02:00:00,Bolivia,"Liga Profesional, Apertura",CA NACIONAL POTOSI vs THE STRONGEST,2-3 (1-2),Over / Under Team,THE STRONGEST Over +1.50,1.66,,40,26.40,Win,Hubert Tisci,Football,2015-09-10 00:03:05
2015-09-08 20:45:00,International,Euro Cup,MACEDONIA vs SPAIN,0-1 (0-1),Asian handicap,SPAIN -2.00,1.76,,60,-60.00,Lost,Hubert Tisci,Football,2015-09-06 23:41:05
2015-09-08 18:30:00,International Youth,U21 Euro Qualification,ICELAND vs NORTHERN IRELAND,1-1 (1-1),Asian handicap,ICELAND -1.00,1.92,,60,-60.00,Lost,Hubert Tisci,Football,2015-09-08 13:06:04
2015-09-06 21:00:00,Chile,Copa Chile,AUDAX ITALIANO vs SANTIAGO MORNING,1-1 (1-0),Over / Under,Over +2.50,1.61,,60,-60.00,Lost,Hubert Tisci,Football,2015-09-06 19:46:03
2015-09-06 19:15:00,Spain,Liga Adelante,CD LEGANES vs REAL ZARAGOZA,1-1 (1-0),Over / Under,Over +2.00,1.77,,60,0.00,Void,Hubert Tisci,Football,2015-09-06 14:59:03
2015-09-06 14:00:00,Germany,Regionalliga North,TSV SCHILKSEE vs FC ST. PAULI II,1-2 (1-2),Over / Under,Over +3.00,1.89,,60,0.00,Void,Hubert Tisci,Football,2015-09-06 12:58:20
2015-09-05 19:30:00,Ireland,Airtricity Premier Division,LIMERICK 37 FC vs SAINT PATRICK'S ATHLETIC FC,3-1 (2-0),Over / Under Team,LIMERICK 37 FC Over +1.50,2.75,,40,70.00,Win,Hubert Tisci,Football,2015-09-05 13:26:03
2015-09-05 09:00:00,Australia,West State League Premier Division,COCKBURN CITY vs PERTH GLORY FC,0-3,Over / Under,Over +3.50,1.77,,40,-40.00,Lost,Hubert Tisci,Football,2015-09-05 01:57:03
2015-09-04 19:30:00,Germany,Regionalliga West,ROT-WEISS ESSEN vs FC WEGBERG-BEECK,1-0 (0-0),Over / Under,Over +3.50,1.77,,60,-60.00,Lost,Hubert Tisci,Football,2015-09-03 22:21:02
2015-09-03 19:00:00,International Clubs,Club Friendly Games,VFB 03 HILDEN vs FORTUNA DUSSELDORF,0-6 (0-3),Over / Under,Over +3.50,1.70,,60,42.00,Win,Hubert Tisci,Football,2015-09-03 16:21:04
2015-08-30 20:15:00,Turkey,Turkcell Super Lig,FENERBAHCE vs ANTALYASPOR,2-1 (1-0),Over / Under,Over +2.75,1.66,,40,13.20,Half win,Hubert Tisci,Football,2015-08-30 14:58:03
2015-08-30 15:30:00,Poland,Ekstraklasa,KS GORNIK ZABRZE vs KS CRACOVIA,1-1 (1-1),Over / Under,Over +2.75,2.46,,20,-20.00,Lost,Hubert Tisci,Football,2015-08-30 00:00:06
2015-08-29 18:30:00,Austria,tipp3-Bundesliga,SK RAPID VIENNA vs SV MATTERSBURG,2-4 (0-1),Over / Under,Over +3.75,2.50,,20,30.00,Win,Hubert Tisci,Football,2015-08-28 23:51:03
2015-08-29 17:00:00,Iceland,1 deild,KA AKUREYRI vs HK KOPAVOGS,3-0 (1-0),Asian handicap,KA AKUREYRI -1.00,1.68,,60,40.80,Win,Hubert Tisci,Football,2015-08-29 11:20:05
2015-08-29 14:00:00,Germany,Regionalliga Bavaria,1 FC NUREMBERG II vs TSV RAIN/LECH,2-0 (1-0),Over / Under,Over +2.75,1.69,,60,-60.00,Lost,Hubert Tisci,Football,2015-08-29 00:02:10
2015-08-28 20:00:00,Croatia,1. HNL,NK ZAGREB vs NK LOKOMOTIVA ZAGREB,1-2 (0-1),Over / Under,Over +2.75,1.75,,40,15.00,Half win,Hubert Tisci,Football,2015-08-28 16:52:03
2015-08-27 20:00:00,European cups,UEFA Europa League,AZ ALKMAAR vs AFC ASTRA GIURGIU,2-0 (0-0),Over / Under,Over +2.75,1.81,,40,-40.00,Lost,Hubert Tisci,Football,2015-08-27 17:42:10
2015-08-25 20:45:00,European cups,UEFA Champions League,FC SHAKHTAR DONETSK vs SK RAPID VIENNA,2-2 (2-2),Asian handicap,FC SHAKHTAR DONETSK -0.75,2.05,,40,-40.00,Lost,Hubert Tisci,Football,2015-08-25 19:35:15
2015-08-25 19:30:00,Germany,Regionalliga West,BORUSSIA M'GLADBACH II vs FC WEGBERG-BEECK,5-0 (1-0),Over / Under,Over +3.75,1.91,,60,54.60,Win,Hubert Tisci,Football,2015-08-25 17:11:02
2015-08-24 19:45:00,Switzerland,Challenge League,FC LE MONT LS vs FC WIL 1900,1-0 (0-0),Over / Under,Over +2.75,1.81,,60,-60.00,Lost,Hubert Tisci,Football,2015-08-24 18:43:05
2015-08-23 22:30:00,Chile,Primera Division,COLO COLO vs DEPORTES IQUIQUE,1-0 (0-0),Asian handicap,COLO COLO -0.75,1.47,,80,18.80,Half win,Hubert Tisci,Football,2015-08-23 13:47:04
2015-08-23 17:45:00,Slovenia,PrvaLiga,NK OLIMPIJA LJUBLJANA vs NK CELJE,6-0 (2-0),Asian handicap,NK OLIMPIJA LJUBLJANA -0.75,1.73,,60,43.80,Win,Hubert Tisci,Football,2015-08-23 14:00:06
2015-08-22 17:45:00,Switzerland,Axpo Super League,FC LUGANO vs FC BASEL,1-3 (1-2),Asian handicap,FC BASEL -0.75,2.11,,40,44.40,Win,Hubert Tisci,Football,2015-08-22 14:15:06
2015-08-22 16:00:00,England,League Two,WYCOMBE WANDERERS vs DAGENHAM & REDBRIDGE,1-1 (0-1),Asian handicap,WYCOMBE WANDERERS -0.75,1.77,,60,-60.00,Lost,Hubert Tisci,Football,2015-08-21 20:48:04
2015-08-20 20:50:00,European cups,UEFA Europa League,FC VIKTORIA PLZEN vs FK VOJVODINA,3-0 (1-0),Over / Under,Over +2.75,1.99,,40,19.80,Half win,Hubert Tisci,Football,2015-08-20 15:33:02
2015-08-20 19:00:00,European cups,UEFA Europa League,FC KRASNODAR vs HJK HELSINKI,5-1 (2-1),Asian handicap,FC KRASNODAR -1.75,1.73,,40,29.20,Win,Hubert Tisci,Football,2015-08-20 15:55:05
2015-08-19 20:45:00,European cups,UEFA Champions League,SK RAPID VIENNA vs FC SHAKHTAR DONETSK,0-1 (0-1),Over / Under,Over +2.75,2.27,,60,-60.00,Lost,Hubert Tisci,Football,2015-08-19 02:00:07
2015-08-16 20:30:00,Chile,Primera Division,COBRESAL vs COLO COLO,2-3 (2-1),Over / Under,Over +2.75,1.84,,40,33.60,Win,Hubert Tisci,Football,2015-08-16 12:34:03
2015-08-16 17:00:00,Serbia,Superliga,FK RADNIK SURDULICA vs FK RED STAR BELGRADE,0-2 (0-0),Over / Under,Over +2.75,2.15,,40,-40.00,Lost,Hubert Tisci,Football,2015-08-15 23:10:08
2015-08-16 14:30:00,England,Premier League,CRYSTAL PALACE vs ARSENAL FC,1-2 (1-1),Over / Under,Over +2.75,2.02,,40,20.40,Half win,Hubert Tisci,Football,2015-08-16 12:07:02
2015-08-16 14:00:00,Germany,Regionalliga North,EINTRACHT NORDERSTEDT vs ETSV WEICHE FLENSBURG,2-1 (0-0),Over / Under,Over +2.75,1.90,,40,18.00,Half win,Hubert Tisci,Football,2015-08-16 12:22:04
2015-08-15 18:30:00,Austria,tipp3-Bundesliga,RB SALZBURG vs SCR ALTACH,2-0 (1-0),Over / Under,Over +3.50,2.00,,40,-40.00,Lost,Hubert Tisci,Football,2015-08-15 12:58:05
2015-08-15 18:00:00,Germany,Regionalliga Bavaria,FC MEMMINGEN vs TSV RAIN/LECH,1-2 (1-2),Over / Under,Over +2.75,1.72,,60,21.60,Half win,Hubert Tisci,Football,2015-08-15 01:07:02
2015-08-15 17:00:00,Switzerland,Swiss Cup,AS CASTELLO vs FC LUGANO,0-2 (0-1),Over / Under,Over +3.50,1.80,,40,-40.00,Lost,Hubert Tisci,Football,2015-08-15 13:22:05
2015-08-15 16:00:00,Scotland,Second Division,DUNFERMLINE ATHLETIC vs COWDENBEATH FC,7-1 (4-0),Asian handicap,DUNFERMLINE ATHLETIC -0.75,1.57,,80,45.60,Win,Hubert Tisci,Football,2015-08-12 23:17:01
2015-08-14 20:30:00,Germany,Bundesliga,BAYERN MUNICH vs HAMBURGER SV,5-0 (1-0),Over / Under,Over +3.75,2.23,,40,49.20,Win,Hubert Tisci,Football,2015-08-14 14:20:12
2015-08-14 20:30:00,Czech Republic,1st Division,FK MLADA BOLESLAV vs SPARTA PRAGUE,2-4 (1-1),Over / Under Team,SPARTA PRAGUE Over +1.50,1.82,,60,49.20,Win,Hubert Tisci,Football,2015-08-13 23:22:02
2015-08-14 19:00:00,International Clubs,Club Friendly Games,LUCCHESE LIBERTAS vs AC FIORENTINA,0-3 (0-2),Asian handicap,AC FIORENTINA -1.75,1.90,,40,36.00,Win,Hubert Tisci,Football,2015-08-14 13:25:15
2015-08-13 19:45:00,Switzerland,Axpo Super League,FC VADUZ vs GRASSHOPPER CLUB ZURICH,3-3 (1-2),Over / Under,Over +2.75,1.97,,60,58.20,Win,Hubert Tisci,Football,2015-08-13 00:13:03
2015-08-13 19:35:00,Norway,NM Cup,ROSENBORG BK vs MJONDALEN,4-0 (3-0),Over / Under,Over +3.75,1.82,,60,24.60,Half win,Hubert Tisci,Football,2015-08-12 23:40:07
2015-08-12 19:45:00,Switzerland,Axpo Super League,FC BASEL vs FC THUN,3-1 (1-1),Asian handicap,FC BASEL -0.75,1.57,,100,57.00,Win,Hubert Tisci,Football,2015-08-11 23:46:04
2015-08-12 19:15:00,Slovenia,PrvaLiga,NK MARIBOR vs NK CELJE,1-0 (0-0),Asian handicap,NK MARIBOR -0.75,1.66,,80,26.40,Half win,Hubert Tisci,Football,2015-08-12 15:12:03
2015-08-11 20:45:00,England Amateur,Isthmian Football League,MERSTHAM vs DULWICH HAMLET,0-2,Over / Under,Over +2.50,1.70,,40,-40.00,Lost,Hubert Tisci,Football,2015-08-11 17:01:06
2015-08-11 18:30:00,Netherlands,Eredivisie,ADO DEN HAAG vs PSV EINDHOVEN,2-2 (1-1),Asian handicap,PSV EINDHOVEN -0.75,1.72,,60,-60.00,Lost,Hubert Tisci,Football,2015-08-11 09:14:03
2015-08-10 20:00:00,Croatia,1. HNL,NK LOKOMOTIVA ZAGREB vs HNK HAJDUK SPLIT,1-2 (0-1),Over / Under,Over +2.75,1.93,,60,27.90,Half win,Hubert Tisci,Football,2015-08-09 23:48:04
2015-08-10 19:00:00,Czech Republic,1st Division,FC SLOVAN LIBEREC vs DUKLA PRAGUE,1-1 (1-0),Over / Under,Over +2.75,1.95,,40,-40.00,Lost,Hubert Tisci,Football,2015-08-10 17:29:03
2015-08-09 14:30:00,Germany,DFB Pokal,FSV SALMROHR 1921 vs VFL BOCHUM,0-5 (0-1),Over / Under,Over +4.00,1.83,,60,49.80,Win,Hubert Tisci,Football,2015-08-09 10:56:03
2015-08-09 14:30:00,Germany,DFB Pokal,HSV BARMBEK-UHLENHORST vs SC FREIBURG,0-5 (0-2),Over / Under,Over +4.75,1.83,,60,24.90,Half win,Hubert Tisci,Football,2015-08-09 01:32:02
2015-08-09 14:30:00,England,Premier League,ARSENAL FC vs WEST HAM UTD,0-2 (0-1),Asian handicap,ARSENAL FC -1.75,2.16,,40,-40.00,Lost,Hubert Tisci,Football,2015-08-09 01:19:02
2015-08-08 17:45:00,Switzerland,Axpo Super League,GRASSHOPPER CLUB ZURICH vs FC LUGANO,6-1 (3-0),Over / Under,Over +2.75,1.68,,40,27.20,Win,Hubert Tisci,Football,2015-08-08 10:13:02
2015-08-08 16:00:00,England Amateur,Isthmian Football League,DULWICH HAMLET vs CANVEY ISLAND,3-0,Over / Under,Over +2.50,1.60,,60,36.00,Win,Hubert Tisci,Football,2015-08-08 10:26:03
2015-08-08 15:00:00,Finland,Ykkonen,PS KEMI KINGS vs VIFK,2-1 (1-1),Asian handicap,PS KEMI KINGS -1.75,1.93,,40,-40.00,Lost,Hubert Tisci,Football,2015-08-07 23:42:02
2015-08-07 20:30:00,France,Ligue 1,LILLE OSC vs PARIS ST GERMAIN,0-1 (0-0),Asian handicap,PARIS ST GERMAIN -0.75,1.83,,40,16.60,Half win,Hubert Tisci,Football,2015-08-07 12:38:12
2015-08-07 19:00:00,Germany,DFB Pokal,TUS ERNDTEBRUCK vs SV DARMSTADT 98,0-5 (0-2),Over / Under,Over +3.75,2.45,,60,87.00,Win,Hubert Tisci,Football,2015-08-07 12:21:03
2015-08-06 22:15:00,European cups,UEFA Europa League,VITORIA GUIMARAES vs SCR ALTACH,1-4 (0-1),Asian handicap,VITORIA GUIMARAES -0.75,1.74,,80,-80.00,Lost,Hubert Tisci,Football,2015-08-06 09:47:02
2015-08-06 19:00:00,European cups,UEFA Europa League,TRABZONSPOR vs FK RABOTNICKI SKOPJE,1-0 (0-0),Asian handicap,TRABZONSPOR -1.00,1.44,,100,0.00,Void,Hubert Tisci,Football,2015-08-06 14:02:05
2015-08-06 19:00:00,European cups,UEFA Europa League,ROSENBORG BK vs DEBRECENI VSC,3-1 (2-1),Over / Under,Over +2.75,1.72,,100,72.00,Win,Hubert Tisci,Football,2015-08-06 01:39:02
2015-08-05 20:45:00,European cups,UEFA Champions League,FC VIKTORIA PLZEN vs MACCABI TEL AVIV,0-2 (0-0),Over / Under,Over +2.75,1.90,,80,-80.00,Lost,Hubert Tisci,Football,2015-08-04 23:28:11
2015-08-05 20:15:00,European cups,UEFA Champions League,FC BASEL vs KKS LECH POZNAN,1-0 (0-0),Asian handicap,FC BASEL +0.75,1.81,,60,48.60,Win,Hubert Tisci,Football,2015-08-04 23:42:07
2015-08-05 19:30:00,European cups,UEFA Champions League,FC BATE BORISOV vs VIDEOTON FC,1-0 (0-0),Asian handicap,FC BATE BORISOV -0.75,1.68,,60,20.40,Half win,Hubert Tisci,Football,2015-08-04 22:29:16
2015-08-05 18:00:00,Latvia,Cup,PREILU BJSS vs SPARTAKS JURMALA,1-6,Over / Under,Over +2.50,1.17,,100,17.00,Win,Hubert Tisci,Football,2015-08-05 12:34:07
2015-08-04 19:30:00,International Clubs,Club Friendly Games,KFC ZWARTE LEEUW vs HOOGSTRATEN VV,1-3 (1-1),Over / Under,Over +2.50,1.36,,80,28.80,Win,Hubert Tisci,Football,2015-08-04 18:08:03
2015-08-04 18:00:00,Norway,"NM Cup, Women",ROA vs OVREVOLL HOSLE,7-1 (3-0),Match Odds,ROA,1.05,,100,5.00,Win,Hubert Tisci,Football,2015-08-04 10:53:02
2015-08-03 20:30:00,International Clubs,Club Friendly Games,NORTHWOOD FC vs BARNET FC,4-3 (2-2),Match Odds,BARNET FC,1.33,,80,-80.00,Lost,Hubert Tisci,Football,2015-08-03 10:11:09
2015-08-03 20:30:00,International Clubs,Club Friendly Games,DAGENHAM & REDBRIDGE vs CRYSTAL PALACE,1-0 (0-0),Draw no bet,CRYSTAL PALACE,1.36,,80,-80.00,Lost,Hubert Tisci,Football,2015-08-03 09:34:03
2015-08-02 23:30:00,Brazil,Brasilero Serie A,SPORT RECIFE PE vs CRUZEIRO MG,0-0 (0-0),Draw no bet,SPORT RECIFE PE,1.57,,40,0.00,Void,Hubert Tisci,Football,2015-08-02 19:04:05
2015-08-02 23:15:00,Chile,"Copa Chile, Group 4",UNIVERSIDAD CATOLICA vs CSD BARNECHEA,5-1 (3-1),Over / Under,Over +2.50,1.48,,60,28.80,Win,Hubert Tisci,Football,2015-08-02 19:14:08
2015-08-02 21:00:00,Croatia,1. HNL,HNK RIJEKA vs NK LOKOMOTIVA ZAGREB,3-1 (2-1),Over / Under,Over +2.75,1.78,,80,62.40,Win,Hubert Tisci,Football,2015-08-01 22:18:05
2015-08-02 19:00:00,Ecuador,Serie A,DEPORTIVO QUITO vs LIGA DE LOJA,1-1 (1-0),Asian handicap,DEPORTIVO QUITO -0.75,1.70,,80,-80.00,Lost,Hubert Tisci,Football,2015-08-02 10:31:03
2015-08-02 16:00:00,Switzerland,Axpo Super League,FC ZURICH vs GRASSHOPPER CLUB ZURICH,2-3 (1-2),Over / Under,Over +2.75,2.12,,60,67.20,Win,Hubert Tisci,Football,2015-08-02 10:10:09
2015-08-02 16:00:00,International Clubs,Club Friendly Games,WEST HAM UTD vs WERDER BREMEN,1-2 (1-2),Draw no bet,WERDER BREMEN,1.83,,40,33.20,Win,Hubert Tisci,Football,2015-08-01 22:38:03
2015-08-01 20:15:00,Czech Republic,1st Division,DUKLA PRAGUE vs FC VIKTORIA PLZEN,1-0 (0-0),Over / Under,Over +2.75,1.80,,80,-80.00,Lost,Hubert Tisci,Football,2015-08-01 11:58:02
2015-08-01 18:00:00,International Clubs,Club Friendly Games,JVC CUIJK vs RODA JC KERKRADE,2-5 (0-2),Over / Under,Over +2.50,1.36,,80,28.80,Win,Hubert Tisci,Football,2015-08-01 16:52:03
2015-08-01 16:00:00,International Clubs,Club Friendly Games,ALMERE CITY FC vs FLEVO BOYS,5-0 (3-0),Over / Under,Over +4.00,1.80,,60,48.00,Win,Hubert Tisci,Football,2015-08-01 13:43:09
2015-07-31 20:45:00,Scotland,Co-operative Insurance Cup,FALKIRK FC vs EAST STIRLING,5-0 (1-0),Over / Under,Over +3.75,1.96,,80,76.80,Win,Hubert Tisci,Football,2015-07-31 18:58:12
2015-07-31 20:45:00,International Clubs,Club Friendly Games,FLEETWOOD TOWN vs GETAFE CF,2-0 (1-0),Match Odds,GETAFE CF,2.09,,80,-80.00,Lost,Hubert Tisci,Football,2015-07-31 13:29:02
2015-07-30 21:00:00,European cups,UEFA Europa League,HNK HAJDUK SPLIT vs STROMSGODSET,2-0 (0-0),Over / Under,Over +2.75,2.06,,60,-60.00,Lost,Hubert Tisci,Football,2015-07-30 10:06:06
2015-07-30 20:45:00,European cups,UEFA Europa League,ATHLETIC BILBAO vs INTER BAKU,2-0 (1-0),Asian handicap,ATHLETIC BILBAO -1.75,1.68,,40,13.60,Half win,Hubert Tisci,Football,2015-07-30 10:20:04
2015-07-30 20:30:00,International Clubs,Club Friendly Games,BRITON FERRY vs PORT TALBOT TOWN,1-2 (0-1),Over / Under,Over +3.50,1.80,,60,-60.00,Lost,Hubert Tisci,Football,2015-07-30 19:19:02
2015-07-30 16:45:00,European cups,UEFA Europa League,FC KAIRAT ALMATY vs ABERDEEN FC,2-1 (2-0),Match Odds,FC KAIRAT ALMATY,2.01,,40,40.40,Win,Hubert Tisci,Football,2015-07-29 23:02:34
2015-07-29 20:45:00,International Clubs,Club Friendly Games,HUDDERSFIELD TOWN vs DEPORTIVO LA CORUNA,0-0 (0-0),Draw no bet,DEPORTIVO LA CORUNA,1.83,,40,0.00,Void,Hubert Tisci,Football,2015-07-29 17:55:04
2015-07-29 20:30:00,European cups,UEFA Champions League,STEAUA BUCURESTI vs PARTIZAN BELGRADE,1-1 (0-0),Over / Under,Over +1.75,1.68,,60,20.40,Half win,Hubert Tisci,Football,2015-07-29 15:52:06
2015-07-28 20:45:00,International Clubs,Club Friendly Games,DONEGAL CELTIC FC vs GLENTORAN FC,1-2 (1-1),Over / Under,Over +3.50,2.15,,40,-40.00,Lost,Hubert Tisci,Football,2015-07-28 11:21:02
2015-07-28 20:30:00,European cups,UEFA Champions League,VIDEOTON FC vs FC BATE BORISOV,1-1 (0-0),Draw no bet,FC BATE BORISOV,1.80,,40,0.00,Void,Hubert Tisci,Football,2015-07-27 18:04:06
2015-07-28 20:00:00,International Clubs,Club Friendly Games,JVC CUIJK vs ACHILLES '29,2-2 (0-1),Over / Under,Over +2.50,1.45,,40,18.00,Win,Hubert Tisci,Football,2015-07-28 12:10:05
2015-07-26 23:30:00,Venezuela,Primera Division,DVO TACHIRA vs TUCANES FC,1-1 (0-1),Asian handicap,DVO TACHIRA -1.75,1.98,,40,-40.00,Lost,Hubert Tisci,Football,2015-07-26 13:35:05
2015-07-26 20:00:00,Serbia,Superliga,FK CUKARICKI STANKOM vs FK RAD BELGRADE,1-1 (1-1),Asian handicap,FK CUKARICKI STANKOM -0.75,1.52,,60,-60.00,Lost,Hubert Tisci,Football,2015-07-26 08:28:03
2015-07-26 18:30:00,International Clubs,Club Friendly Games,FC WINTERTHUR vs VFB STUTTGART,1-4 (0-2),Over / Under,Over +2.75,1.55,,40,22.00,Win,Hubert Tisci,Football,2015-07-26 17:18:16
2015-07-26 15:00:00,International Clubs,Club Friendly Games,RW OBERHAUSEN vs FORTUNA SITTARD,2-2 (0-2),Over / Under,Over +2.75,1.81,,40,32.40,Win,Hubert Tisci,Football,2015-07-26 13:10:06
2015-07-26 11:00:00,Japan,J.League 2,OMIYA ARDIJA vs FC GIFU,5-0 (3-0),Asian handicap,OMIYA ARDIJA +0.75,1.57,,40,22.80,Win,Hubert Tisci,Football,2015-07-25 20:01:08
2015-07-26 01:30:00,Ecuador,Serie A,LIGA DEP UNIVERSITARIA QUITO vs CD UNIVERSIDAD CATOLICA,1-1 (1-0),Asian handicap,LIGA DEP UNIVERSITARIA QUITO -0.75,1.70,,40,-40.00,Lost,Hubert Tisci,Football,2015-07-25 19:38:04
2015-07-25 18:30:00,Austria,tipp3-Bundesliga,SK RAPID VIENNA vs SV JOSKO RIED,3-0 (0-0),Asian handicap,SK RAPID VIENNA -0.75,1.45,,40,18.00,Win,Hubert Tisci,Football,2015-07-25 13:29:08
2015-07-25 16:00:00,Scotland,Challenge Cup,BRORA RANGERS vs ALLOA ATHLETIC FC,0-1 (0-0),Match Odds,ALLOA ATHLETIC FC,1.53,,40,21.20,Win,Hubert Tisci,Football,2015-07-25 14:06:51
2015-07-25 16:00:00,Austria,tipp3-Bundesliga,SV MATTERSBURG vs RB SALZBURG,2-1 (1-0),Over / Under,Over +3.00,1.86,,40,0.00,Void,Hubert Tisci,Football,2015-07-25 13:08:06
2015-07-24 19:00:00,International Clubs,Club Friendly Games,AZ ALKMAAR vs AL-WASL,1-0 (0-0),Over / Under,Over +2.50,1.35,,80,-80.00,Lost,Hubert Tisci,Football,2015-07-24 09:04:05
2015-07-24 17:45:00,International Clubs,Club Friendly Games,SUPERSPORT UNITED FC vs CRYSTAL PALACE,0-4 (0-4),Over / Under,Over +2.50,1.90,,40,36.00,Win,Hubert Tisci,Football,2015-07-24 08:18:04
2015-07-24 17:00:00,International Clubs,Club Friendly Games,1 FC COLOGNE vs CAMBUUR LEEUWARDEN,2-1 (0-0),Match Odds,1 FC COLOGNE,1.91,,40,36.40,Win,Hubert Tisci,Football,2015-07-24 08:08:03
2015-07-23 20:00:00,European cups,UEFA Europa League,AFC ASTRA GIURGIU vs INVERNESS CALEDONIAN THISTLE,0-0 (0-0),Asian handicap,AFC ASTRA GIURGIU -0.75,1.65,,60,-60.00,Lost,Hubert Tisci,Football,2015-07-22 22:52:12
2015-07-23 19:00:00,European cups,UEFA Europa League,HNK HAJDUK SPLIT vs FC LUKA KOPER,4-1 (2-1),Both team to score,Yes,1.83,,40,33.20,Win,Hubert Tisci,Football,2015-07-23 14:26:13
2015-07-23 19:00:00,European cups,UEFA Europa League,STROMSGODSET vs FK MLADA BOLESLAV,0-1 (0-1),Over / Under,Over +2.75,1.85,,40,-40.00,Lost,Hubert Tisci,Football,2015-07-22 23:20:57
2015-07-22 20:30:00,International Clubs,Club Friendly Games,QUEENS PARK RANGERS vs DUNDEE UNITED,2-1 (1-1),Asian handicap,QUEENS PARK RANGERS -1.00,1.54,,40,0.00,Void,Hubert Tisci,Football,2015-07-22 16:47:02
2015-07-22 11:00:00,International Clubs,Club Friendly Games,AC SPARTA PRAGUE vs SK MOTORLET PRAHA,2-0 (2-0),Over / Under,Over +2.50,1.33,,40,-40.00,Lost,Hubert Tisci,Football,2015-07-22 09:58:06
2015-07-21 18:30:00,International Clubs,Club Friendly Games,ACHILLES '29 vs NEC NIJMEGEN,0-1 (0-0),Asian handicap,NEC NIJMEGEN -0.75,1.56,,60,16.80,Half win,Hubert Tisci,Football,2015-07-21 14:07:02
2015-07-21 18:15:00,International Clubs,Club Friendly Games,EINTRACHT FRANKFURT vs LEEDS UTD,2-1 (0-1),Asian handicap,EINTRACHT FRANKFURT -0.75,1.82,,20,8.20,Half win,Hubert Tisci,Football,2015-07-21 14:44:12
2015-07-20 20:30:00,International Clubs,Club Friendly Games,CHESHAM UTD vs MILTON KEYNES DONS,2-1 (1-1),Over / Under,Over +2.50,1.50,,40,20.00,Win,Hubert Tisci,Football,2015-07-20 15:29:03
2015-07-19 21:00:00,Brazil,Brasilero Serie A,FLUMINENSE RJ vs VASCO DA GAMA RJ,1-2 (0-1),Asian handicap,FLUMINENSE RJ -0.75,2.08,,20,-20.00,Lost,Hubert Tisci,Football,2015-07-19 10:40:06
2015-07-19 18:00:00,International Clubs,Club Friendly Games,RSC ANDERLECHT vs LAZIO ROMA,3-1 (3-0),Draw no bet,RSC ANDERLECHT,1.57,,40,22.80,Win,Hubert Tisci,Football,2015-07-19 12:27:02
2015-07-19 17:00:00,Serbia,Superliga,OFK BELGRADE vs FK RED STAR BELGRADE,2-6 (2-0),Asian handicap,FK RED STAR BELGRADE -1.50,1.81,,40,32.40,Win,Hubert Tisci,Football,2015-07-18 22:16:03
2015-07-18 21:10:00,Argentina,Primera Division,BOCA JUNIORS vs QUILMES AC,2-1 (1-0),Asian handicap,BOCA JUNIORS -0.75,1.40,,60,12.00,Half win,Hubert Tisci,Football,2015-07-18 18:03:14
2015-07-18 17:00:00,Austria,FB Stiegl Cup,SC GOLLING vs FLORIDSDORFER AC,0-6 (0-3),Over / Under,Over +2.50,1.40,,80,32.00,Win,Hubert Tisci,Football,2015-07-18 01:53:05
2015-07-18 16:00:00,International Clubs,Club Friendly Games,AZ ALKMAAR vs SC TELSTAR,3-0 (1-0),Over / Under,Over +2.50,1.40,,60,24.00,Win,Hubert Tisci,Football,2015-07-18 12:24:03
2015-07-18 15:30:00,International Clubs,Club Friendly Games,GKS TYCHY 71 vs 1 FC COLOGNE,0-1 (0-1),Over / Under,Over +2.50,1.40,,80,-80.00,Lost,Hubert Tisci,Football,2015-07-18 12:51:02
2015-07-18 10:00:00,International Clubs,Club Friendly Games,SK SIGMA OLOMOUC B vs 1 SC ZNOJMO,3-0 (2-0),Over / Under,Over +2.50,1.40,,60,24.00,Win,Hubert Tisci,Football,2015-07-17 22:45:03
2015-07-17 19:00:00,International Clubs,Club Friendly Games,PEC ZWOLLE vs SPARTA ROTTERDAM,3-1 (1-0),Match Odds,PEC ZWOLLE,1.75,,40,30.00,Win,Hubert Tisci,Football,2015-07-17 15:44:03
2015-07-17 19:00:00,Austria,FB Stiegl Cup,SV ALLERHEILIGEN vs KSV 1919,0-3 (0-1),Over / Under,Over +2.50,1.44,,40,17.60,Win,Hubert Tisci,Football,2015-07-17 15:28:04
2015-07-17 17:30:00,International Clubs,Club Friendly Games,SAMPDORIA GENOA vs NK TRIGLAV,3-0 (3-0),Over / Under,Over +3.75,1.78,,40,-40.00,Lost,Hubert Tisci,Football,2015-07-17 14:49:03
2015-07-16 20:30:00,European cups,UEFA Europa League,FK VOJVODINA vs SPARTAKS JURMALA,3-0 (2-0),Over / Under,Over +2.50,1.91,,40,36.40,Win,Hubert Tisci,Football,2015-07-16 11:12:07
2015-07-16 20:15:00,International Clubs,Club Friendly Games,LISBURN DISTILLERY FC vs BALLYMENA UNITED,0-6 (0-1),Over / Under,Over +2.50,1.38,,80,30.40,Win,Hubert Tisci,Football,2015-07-16 10:05:06
2015-07-16 19:00:00,European cups,UEFA Europa League,FK MLADA BOLESLAV vs STROMSGODSET,1-2 (1-1),Over / Under,Over +2.75,2.07,,20,10.70,Half win,Hubert Tisci,Football,2015-07-16 10:40:06
2015-07-16 16:45:00,European cups,UEFA Europa League,FC KAIRAT ALMATY vs ALASHKERT,3-0 (1-0),Asian handicap,FC KAIRAT ALMATY -1.00,1.57,,80,45.60,Win,Hubert Tisci,Football,2015-07-15 01:16:04
2015-07-15 20:30:00,International Clubs,Club Friendly Games,KIDSGROVE ATHLETIC FC vs PORT VALE FC,0-5 (0-2),Over / Under,Over +2.50,1.36,,60,21.60,Win,Hubert Tisci,Football,2015-07-15 13:39:02
2015-07-15 18:30:00,European cups,UEFA Champions League,QARABAG FK vs FK RUDAR PLJEVLJA,0-0 (0-0),European handicap,QARABAG FK -1.00,1.73,,60,-60.00,Lost,Hubert Tisci,Football,2015-07-14 23:43:02
2015-07-14 20:30:00,International Clubs,Club Friendly Games,ALSAGER TOWN FC vs PORT VALE FC,2-5 (2-1),Over / Under,Over +2.50,1.30,,100,30.00,Win,Hubert Tisci,Football,2015-07-14 12:51:11
2015-07-14 18:30:00,International Clubs,Club Friendly Games,VITESSE ARNHEM vs SPARTA PRAGUE,1-1 (1-1),Over / Under,Over +3.00,1.75,,40,-40.00,Lost,Hubert Tisci,Football,2015-07-14 13:15:03
2015-07-14 16:30:00,International Clubs,Club Friendly Games,FC VOLENDAM vs BASAKSEHIR FK,1-3 (0-2),Draw no bet,BASAKSEHIR FK,1.44,,80,35.20,Win,Hubert Tisci,Football,2015-07-14 13:29:04
2015-07-13 18:30:00,International Clubs,Club Friendly Games,SV MATTERSBURG vs UFC PURBACH,9-0 (4-0),Over / Under,Over +5.00,1.70,,60,42.00,Win,Hubert Tisci,Football,2015-07-13 14:32:03
2015-07-12 16:30:00,International Clubs,Club Friendly Games,AUSTRIA SALZBURG vs DUKLA PRAGUE,0-3 (0-1),Over / Under,Over +2.50,1.40,,80,32.00,Win,Hubert Tisci,Football,2015-07-12 11:03:05
2015-07-11 23:30:00,Brazil,Brasilero Serie A,GREMIO RS vs VASCO DA GAMA RJ,2-0 (0-0),Asian handicap,GREMIO RS -0.75,1.54,,60,32.40,Win,Hubert Tisci,Football,2015-07-11 16:58:51
2015-07-10 20:00:00,Croatia,1. HNL,NK INTER ZAPRESIC vs HNK RIJEKA,0-0 (0-0),Match Odds,HNK RIJEKA,1.70,,80,-80.00,Lost,Hubert Tisci,Football,2015-07-08 15:51:08
2015-07-10 18:00:00,International Youth,U19 European Championship,SPAIN vs RUSSIA,1-3 (1-1),Asian handicap,SPAIN -0.75,1.74,,60,-60.00,Lost,Hubert Tisci,Football,2015-07-10 02:05:12
2015-07-09 19:30:00,European cups,UEFA Europa League,NK LOKOMOTIVA ZAGREB vs AIRBUS UK BROUGHTON,2-2 (0-0),Over / Under,Over +3.00,1.81,,80,64.80,Win,Hubert Tisci,Football,2015-07-08 16:30:12
2015-07-09 19:30:00,European cups,UEFA Europa League,MSK ZILINA vs GLENTORAN FC,3-0 (1-0),Over / Under,Over +3.50,2.05,,60,-60.00,Lost,Hubert Tisci,Football,2015-07-08 15:38:03
2015-07-09 18:30:00,European cups,UEFA Europa League,FC SHAKHTER SOLIGORSK vs GLENAVON FC,3-0 (1-0),Over / Under,Over +3.50,2.10,,80,-80.00,Lost,Hubert Tisci,Football,2015-07-09 12:09:06
2015-07-08 18:30:00,International Clubs,Club Friendly Games,WIENER SC AXA vs VALENCIA CF,0-4 (0-3),Over / Under,Over +4.50,2.00,,60,-60.00,Lost,Hubert Tisci,Football,2015-07-08 14:14:04
