Date,Category,League,Event,Event result,Type of bet,Selection,Odds,Bookmaker,Stake (in units),Profit,Result,Tipster,Sport,Publication date
2016-02-13 16:00:00,England,League One,ROCHDALE FC vs MILLWALL FC,0-1 (0-0),Over / Under,Over +2.50,1.97,,100,-100.00,Lost,Radek Kovar,Football,2016-02-13 11:37:05
2016-02-12 21:30:00,Portugal,Liga Sagres,BENFICA LISBON vs FC PORTO,1-2 (1-1),Over / Under,Over +2.25,2.04,,100,104.00,Win,Radek Kovar,Football,2016-02-12 13:41:02
2016-02-12 20:45:00,Scotland,Premier League,FC DUNDEE vs FC ST JOHNSTONE,2-0 (1-0),Over / Under,Over +2.25,1.89,,100,-50.00,Half lost,Radek Kovar,Football,2016-02-12 13:07:05
2016-02-07 14:30:00,Netherlands,Jupiler League,SPARTA ROTTERDAM vs VVV VENLO,3-1 (1-1),Over / Under,Over +2.75,1.94,,100,94.00,Win,Radek Kovar,Football,2016-02-07 12:29:04
2016-02-07 14:00:00,Germany,3.Liga,FORTUNA COLOGNE vs HOLSTEIN KIEL,2-3 (1-2),Over / Under,Over +2.50,1.97,,100,97.00,Win,Radek Kovar,Football,2016-02-06 23:47:02
2016-02-06 20:00:00,Belgium,EXQI League,KSK HEIST vs CERCLE BRUGGE KSV,0-2 (0-2),Over / Under,Over +3.00,1.95,,100,-100.00,Lost,Radek Kovar,Football,2016-02-06 12:37:04
2016-02-06 20:00:00,Belgium,Jupiler Pro League,WAASLAND-BEVEREN vs OUD-HEVERLEE LEUVEN,2-2 (0-1),Over / Under,Over +2.50,1.88,,100,88.00,Win,Radek Kovar,Football,2016-02-06 12:16:02
2016-02-06 18:00:00,Turkey,Turkcell Super Lig,GALATASARAY ISTANBUL vs KONYASPOR,0-0 (0-0),Over / Under,Over +2.50,1.88,,100,-100.00,Lost,Radek Kovar,Football,2016-02-06 13:18:02
2016-02-06 18:00:00,Belgium,EXQI League,EXCELSIOR VIRTON vs MSK DEINZE,0-0 (0-0),Over / Under,Over +2.75,2.04,,100,-100.00,Lost,Radek Kovar,Football,2016-02-06 12:27:02
2016-02-06 16:00:00,Scotland,Third Division,BERWICK RANGERS vs EAST STIRLING,2-2 (1-1),Over / Under,Over +3.00,1.90,,100,90.00,Win,Radek Kovar,Football,2016-02-06 13:10:05
2016-02-06 16:00:00,England,League Two,CAMBRIDGE UNITED FC vs DAGENHAM & REDBRIDGE,1-0 (0-0),Over / Under,Over +2.50,1.96,,100,-100.00,Lost,Radek Kovar,Football,2016-02-06 12:57:02
2016-02-06 07:15:00,Australia,Hyundai A-League,BRISBANE ROAR FC vs CENTRAL COAST MARINERS FC,4-0 (2-0),Over / Under,Over +3.25,1.93,,100,93.00,Win,Radek Kovar,Football,2016-02-05 21:45:04
2016-02-05 20:30:00,Germany,Bundesliga,MONCHENGLADBACH vs WERDER BREMEN,5-1 (2-0),Over / Under,Over +3.00,1.83,,100,83.00,Win,Radek Kovar,Football,2016-02-04 21:00:07
2016-02-05 20:00:00,Netherlands,Jupiler League,FC OSS vs ACHILLES '29,1-1 (1-0),Over / Under,Over +2.75,1.90,,100,-100.00,Lost,Radek Kovar,Football,2016-02-05 14:14:02
2016-02-03 21:00:00,France,Ligue 1,PARIS ST GERMAIN vs FC LORIENT,3-1 (1-1),Over / Under,Over +3.00,1.87,,100,87.00,Win,Radek Kovar,Football,2016-02-02 10:31:02
2016-02-01 20:00:00,Netherlands,Jupiler League,FORTUNA SITTARD vs HELMOND SPORT,3-0 (1-0),Over / Under,Over +3.00,2.03,,100,0.00,Void,Radek Kovar,Football,2016-01-29 10:54:02
2016-01-30 16:00:00,England,League One,SWINDON TOWN vs BARNSLEY FC,0-1 (0-0),Over / Under,Over +2.75,1.96,,100,-100.00,Lost,Radek Kovar,Football,2016-01-30 12:27:01
2016-01-29 20:00:00,Netherlands,Jupiler League,MVV MAASTRICHT vs FC EINDHOVEN,0-2 (0-1),Over / Under,Over +3.00,2.07,,100,-100.00,Lost,Radek Kovar,Football,2016-01-29 11:14:02
2016-01-29 20:00:00,Netherlands,Jupiler League,FC OSS vs FC DORDRECHT,2-3 (2-2),Over / Under,Over +2.75,1.80,,100,80.00,Win,Radek Kovar,Football,2016-01-29 10:43:04
2016-01-24 19:15:00,Portugal,Liga Sagres,SPORTING BRAGA vs RIO AVE FC,5-1 (2-0),Over / Under,Over +2.50,1.90,,100,90.00,Win,Radek Kovar,Football,2016-01-24 08:51:04
2016-01-24 03:30:00,Mexico,"Primera Division, Clausura",MONARCAS MORELIA vs DEPORTIVO TOLUCA,1-1 (0-1),Over / Under,Over +2.50,1.98,,100,-100.00,Lost,Radek Kovar,Football,2016-01-23 20:52:02
2016-01-23 16:00:00,England,League One,CHESTERFIELD FC vs MILLWALL FC,1-2 (1-1),Over / Under,Over +2.50,1.90,,100,90.00,Win,Radek Kovar,Football,2016-01-23 14:14:02
2016-01-18 20:00:00,Netherlands,Jupiler League,JONG PSV EINDHOVEN vs MVV MAASTRICHT,2-0 (2-0),Over / Under,Over +3.00,2.01,,100,-100.00,Lost,Radek Kovar,Football,2016-01-17 17:27:02
2016-01-16 16:00:00,Scotland,First Division,RANGERS FC vs LIVINGSTON FC,4-1 (4-0),Over / Under,Over +3.25,1.93,,100,93.00,Win,Radek Kovar,Football,2016-01-16 13:52:04
2016-01-15 20:00:00,Netherlands,Jupiler League,VVV VENLO vs ALMERE CITY FC,4-0 (4-0),Over / Under,Over +2.75,1.80,,100,80.00,Win,Radek Kovar,Football,2016-01-15 14:11:05
2016-01-13 21:00:00,England,Premier League,TOTTENHAM HOTSPUR vs LEICESTER CITY,0-1 (0-0),Over / Under,Over +2.50,1.91,,100,-100.00,Lost,Radek Kovar,Football,2016-01-11 22:44:04
2016-01-09 09:30:00,Australia,Hyundai A-League,MELBOURNE CITY FC vs WESTERN SYDNEY,3-2 (2-1),Over / Under,Over +2.75,1.88,,100,88.00,Win,Radek Kovar,Football,2016-01-08 12:07:06
2016-01-06 21:15:00,Portugal,Liga Sagres,FC PORTO vs RIO AVE FC,1-1 (1-1),Over / Under,Over +2.75,1.93,,100,-100.00,Lost,Radek Kovar,Football,2016-01-05 09:47:02
2016-01-06 20:00:00,Portugal,Liga Sagres,BENFICA LISBON vs CS MARITIMO MADEIRA,6-0 (3-0),Over / Under,Over +2.50,1.79,,100,79.00,Win,Radek Kovar,Football,2016-01-05 09:56:02
2015-12-28 16:00:00,England,Skrill Premier,SOUTHPORT FC vs BARROW FC,2-1 (1-1),Over / Under,Over +2.50,1.96,,100,96.00,Win,Radek Kovar,Football,2015-12-28 11:30:05
2015-12-28 16:00:00,England,League Two,WYCOMBE WANDERERS vs CRAWLEY TOWN,2-0 (1-0),Over / Under,Over +2.50,1.89,,100,-100.00,Lost,Radek Kovar,Football,2015-12-28 11:26:07
2015-12-27 19:55:00,Israel,Premier League,MACCABI TEL AVIV vs IRONI KIRYAT SHMONA,5-0 (2-0),Over / Under,Over +2.25,1.88,,100,88.00,Win,Radek Kovar,Football,2015-12-26 21:42:02
2015-12-26 16:00:00,England,Premier League,MANCHESTER CITY vs SUNDERLAND AFC,4-1 (3-0),Over / Under,Over +3.25,1.86,,100,86.00,Win,Radek Kovar,Football,2015-12-25 22:25:03
2015-12-26 09:30:00,Australia,Hyundai A-League,SYDNEY FC vs CENTRAL COAST MARINERS FC,4-1 (3-1),Over / Under,Under +3.00,1.85,,100,-100.00,Lost,Radek Kovar,Football,2015-12-24 11:20:02
2015-12-20 17:00:00,Portugal,Liga Sagres,BENFICA LISBON vs RIO AVE FC,3-1 (1-1),Over / Under,Over +2.50,1.90,,100,90.00,Win,Radek Kovar,Football,2015-12-20 14:56:02
2015-12-19 16:00:00,England,League Two,YORK CITY vs MORECAMBE FC,2-1 (1-0),Over / Under,Over +2.50,1.87,,100,87.00,Win,Radek Kovar,Football,2015-12-19 13:57:04
2015-12-19 16:00:00,England,League One,ROCHDALE FC vs COLCHESTER UNITED,3-1 (2-1),Over / Under,Over +2.75,1.88,,100,88.00,Win,Radek Kovar,Football,2015-12-19 13:53:02
2015-12-19 16:00:00,England,Premier League,EVERTON FC vs LEICESTER CITY,2-3 (1-1),Over / Under,Over +3.00,2.04,,100,104.00,Win,Radek Kovar,Football,2015-12-19 13:49:03
2015-12-18 20:30:00,Belgium,Jupiler Pro League,SPORTING LOKEREN vs SV ZULTE WAREGEM,1-1 (0-1),Over / Under,Over +2.75,2.00,,100,-100.00,Lost,Radek Kovar,Football,2015-12-17 21:13:01
2015-12-13 17:30:00,Germany,Bundesliga,BORUSSIA DORTMUND vs EINTRACHT FRANKFURT,4-1 (1-1),Over / Under,Over +3.75,1.96,,100,96.00,Win,Radek Kovar,Football,2015-12-13 12:10:05
2015-12-13 16:30:00,Austria,tipp3-Bundesliga,RB SALZBURG vs SK RAPID VIENNA,2-0 (1-0),Over / Under,Over +3.00,1.81,,100,-100.00,Lost,Radek Kovar,Football,2015-12-13 11:58:03
2015-12-12 16:00:00,England,League One,COLCHESTER UNITED vs BARNSLEY FC,2-3 (0-2),Over / Under,Over +3.00,1.96,,100,96.00,Win,Radek Kovar,Football,2015-12-12 12:23:06
2015-12-11 20:30:00,Germany,Bundesliga,1 FSV MAINZ 05 vs VFB STUTTGART,0-0 (0-0),Over / Under,Over +2.75,1.83,,100,-100.00,Lost,Radek Kovar,Football,2015-12-11 11:56:03
2015-12-11 20:00:00,Netherlands,Jupiler League,JONG PSV EINDHOVEN vs ALMERE CITY FC,3-4 (1-2),Over / Under,Over +3.00,1.91,,100,91.00,Win,Radek Kovar,Football,2015-12-11 11:49:04
2015-12-11 20:00:00,Netherlands,Jupiler League,FORTUNA SITTARD vs FC EMMEN,2-2 (1-1),Over / Under,Over +3.00,1.84,,100,84.00,Win,Radek Kovar,Football,2015-12-11 11:35:02
2015-12-06 15:00:00,Turkey,Bank Asya 1. Lig,MALATYA BLD SPOR vs ADANA DEMIRSPOR,1-3 (1-2),Over / Under,Over +2.50,2.04,,100,104.00,Win,Radek Kovar,Football,2015-12-06 10:15:05
2015-12-05 20:30:00,Belgium,Jupiler Pro League,WAASLAND-BEVEREN vs STANDARD LIEGE,0-0 (0-0),Over / Under,Over +2.75,1.98,,100,-100.00,Lost,Radek Kovar,Football,2015-12-05 18:27:02
2015-12-05 18:00:00,Poland,Ekstraklasa,TS PODBESKIDZIE BIELSKO-BIALA vs RUCH CHORZOW,1-1 (1-0),Over / Under,Over +2.50,2.09,,100,-100.00,Lost,Radek Kovar,Football,2015-12-05 11:08:01
2015-12-05 16:00:00,Poland,I Liga,ZAWISZA BYDGOSZCZ vs ZAGLEBIE SOSNOWIEC SA,6-1 (4-1),Over / Under,Over +2.50,1.93,,100,93.00,Win,Radek Kovar,Football,2015-12-05 11:02:07
2015-12-05 15:00:00,Italy,Serie B,TRAPANI CALCIO vs AS AVELLINO,2-1 (1-0),Over / Under,Over +2.50,2.01,,100,101.00,Win,Radek Kovar,Football,2015-12-05 10:59:02
2015-12-04 19:00:00,Turkey,Turkcell Super Lig,GALATASARAY ISTANBUL vs BURSASPOR,3-0 (0-0),Over / Under,Over +2.75,1.82,,100,41.00,Half win,Radek Kovar,Football,2015-12-03 22:12:02
2015-12-04 18:00:00,Slovakia,1. Liga,SPARTAK MYJAVA vs MFK SKALICA,3-0 (2-0),Over / Under,Over +2.50,1.80,,100,80.00,Win,Radek Kovar,Football,2015-12-03 22:01:01
2015-11-30 20:00:00,Netherlands,Jupiler League,MVV MAASTRICHT vs FORTUNA SITTARD,1-3 (1-1),Over / Under,Over +3.00,1.83,,100,83.00,Win,Radek Kovar,Football,2015-11-30 17:31:02
2015-11-30 20:00:00,Netherlands,Jupiler League,FC DORDRECHT vs ALMERE CITY FC,3-1 (1-0),Over / Under,Over +3.25,2.04,,100,104.00,Win,Radek Kovar,Football,2015-11-30 17:25:05
2015-11-30 20:00:00,Netherlands,Jupiler League,NAC BREDA vs SC TELSTAR,2-1 (2-0),Over / Under,Over +3.25,2.05,,100,-50.00,Half lost,Radek Kovar,Football,2015-11-30 16:55:03
2015-11-29 19:55:00,Israel,Premier League,MACCABI TEL AVIV vs BNEI YEHUDA TEL AVIV,4-0 (0-0),Over / Under,Over +2.50,1.93,,100,93.00,Win,Radek Kovar,Football,2015-11-29 13:50:04
2015-11-29 13:30:00,Denmark,SAS Ligaen,SONDERJYSKE vs HOBRO IK,2-0 (1-0),Over / Under,Over +2.50,1.89,,100,-100.00,Lost,Radek Kovar,Football,2015-11-28 22:39:02
2015-11-28 16:00:00,England,League Two,CARLISLE UNITED vs CRAWLEY TOWN,3-1 (2-1),Over / Under,Over +2.50,1.86,,100,86.00,Win,Radek Kovar,Football,2015-11-28 01:36:02
2015-11-28 14:00:00,Germany,3.Liga,FC MAGDEBURG vs VFB STUTTGART II,2-2 (2-0),Over / Under,Over +2.50,2.01,,100,101.00,Win,Radek Kovar,Football,2015-11-28 01:25:02
2015-11-24 20:45:00,England,League One,PETERBOROUGH UNITED vs BARNSLEY FC,3-2 (1-1),Over / Under,Over +2.75,1.85,,100,85.00,Win,Radek Kovar,Football,2015-11-24 10:52:03
2015-11-24 20:45:00,England,League One,BURY FC vs SCUNTHORPE UNITED,1-2 (0-1),Over / Under,Over +2.50,1.93,,100,93.00,Win,Radek Kovar,Football,2015-11-24 10:48:03
2015-11-23 20:30:00,Italy,Serie B,CAGLIARI CALCIO vs ASCOLI,3-0 (2-0),Over / Under,Over +2.50,1.93,,100,93.00,Win,Radek Kovar,Football,2015-11-23 12:06:02
2015-11-22 19:00:00,Mexico,"Primera Division, Apertura",DEPORTIVO TOLUCA vs CF MONTERREY,3-1 (0-0),Over / Under,Over +2.75,1.86,,100,86.00,Win,Radek Kovar,Football,2015-11-22 10:19:11
2015-11-21 19:15:00,Turkey,Turkcell Super Lig,GALATASARAY ISTANBUL vs ANTALYASPOR,3-3 (1-0),Over / Under,Over +3.00,1.81,,100,81.00,Win,Radek Kovar,Football,2015-11-21 16:30:09
2015-11-21 13:30:00,Czech Republic,1st Division,FK USTI NAD LABEM vs SK SIGMA OLOMOUC B,2-1 (2-1),Over / Under,Over +2.50,1.80,,100,80.00,Win,Radek Kovar,Football,2015-11-21 09:59:05
2015-11-20 20:00:00,Netherlands,Jupiler League,FC OSS vs GO AHEAD EAGLES,3-0 (1-0),Over / Under,Over +3.25,2.03,,100,-50.00,Half lost,Radek Kovar,Football,2015-11-20 17:07:03
2015-11-08 15:00:00,Italy,Serie A,AS ROMA vs LAZIO ROMA,2-0 (1-0),Over / Under,Over +2.75,1.95,,100,-100.00,Lost,Radek Kovar,Football,2015-11-08 12:25:05
2015-11-07 17:00:00,France,Ligue 1,PARIS ST GERMAIN vs TOULOUSE FC,5-0 (2-0),Over / Under,Over +3.25,2.00,,100,100.00,Win,Radek Kovar,Football,2015-11-07 13:17:29
2015-11-07 16:15:00,Greece,Super League,KALLONI AEL FC vs SKODA XANTHI FC,2-2 (1-1),Over / Under,Over +2.00,2.08,,100,108.00,Win,Radek Kovar,Football,2015-11-07 13:30:04
2015-11-07 15:30:00,Germany,Bundesliga,BAYERN MUNICH vs VFB STUTTGART,4-0 (4-0),Over / Under,Over +4.00,1.92,,100,0.00,Void,Radek Kovar,Football,2015-11-07 13:10:04
2015-11-03 20:45:00,England,Championship,PRESTON NORTH END vs NOTTINGHAM FOREST,1-0 (1-0),Match Odds 1st Half,Draw Half time,2.05,,100,-100.00,Lost,Radek Kovar,Football,2015-11-03 17:59:06
2015-11-03 20:45:00,England,Championship,IPSWICH TOWN vs BOLTON WANDERERS,2-0 (1-0),Match Odds 1st Half,Draw Half time,2.20,,100,-100.00,Lost,Radek Kovar,Football,2015-11-03 17:53:15
2015-11-02 20:30:00,Italy,Serie B,CAGLIARI CALCIO vs VICENZA CALCIO,2-0 (1-0),Over / Under,Over +2.50,1.97,,100,-100.00,Lost,Radek Kovar,Football,2015-11-02 17:13:02
2015-11-02 09:30:00,Australia,Hyundai A-League,MELBOURNE VICTORY vs WELLINGTON PHOENIX FC,3-0 (1-0),Over / Under,Over +3.00,1.93,,100,0.00,Void,Radek Kovar,Football,2015-11-01 20:37:05
2015-11-01 17:00:00,England,Premier League,SOUTHAMPTON FC vs BOURNEMOUTH AFC,2-0 (2-0),Over / Under,Over +2.50,1.83,,100,-100.00,Lost,Radek Kovar,Football,2015-11-01 13:11:03
2015-11-01 16:00:00,Switzerland,Axpo Super League,FC ST. GALLEN vs FC LUZERN,1-0 (1-0),Over / Under,Under +3.00,1.87,,100,87.00,Win,Radek Kovar,Football,2015-11-01 13:07:09
2015-10-26 20:30:00,Spain,Liga BBVA,ATHLETIC BILBAO vs SPORTING GIJON,3-0 (2-0),Over / Under,Over +2.50,1.90,,100,90.00,Win,Radek Kovar,Football,2015-10-26 17:23:18
2015-10-26 19:55:00,Israel,Premier League,MACCABI TEL AVIV vs BEITAR JERUSALEM,2-4 (2-2),Over / Under,Over +2.75,1.97,,100,97.00,Win,Radek Kovar,Football,2015-10-26 17:19:17
2015-10-26 00:30:00,Bolivia,"Liga Profesional, Apertura",REAL POTOSI vs CLUB JORGE WILSTERMANN,2-0 (1-0),Over / Under,Over +2.75,1.93,,100,-100.00,Lost,Radek Kovar,Football,2015-10-25 21:41:08
2015-10-24 17:00:00,Czech Republic,1st Division,FC BANIK OSTRAVA vs 1 FK PRIBRAM,0-2 (0-1),Over / Under,Over +2.50,2.00,,100,-100.00,Lost,Radek Kovar,Football,2015-10-24 13:29:20
2015-10-24 16:00:00,England,League One,CHESTERFIELD FC vs SCUNTHORPE UTD,0-3 (0-0),Over / Under,Over +2.50,1.88,,100,88.00,Win,Radek Kovar,Football,2015-10-24 13:26:18
2015-10-24 16:00:00,England,Premier League,WEST HAM UTD vs CHELSEA FC,2-1 (1-0),Over / Under,Over +2.50,1.85,,100,85.00,Win,Radek Kovar,Football,2015-10-24 13:19:25
2015-10-21 20:45:00,England,Championship,FULHAM FC vs LEEDS UTD,1-1 (1-0),Over / Under,Over +2.50,1.95,,100,-100.00,Lost,Radek Kovar,Football,2015-10-21 18:46:11
2015-10-20 20:45:00,England,League Two,MORECAMBE FC vs CRAWLEY TOWN,3-1 (1-0),Over / Under,Over +2.50,1.84,,100,84.00,Win,Radek Kovar,Football,2015-10-20 18:23:06
2015-10-20 20:45:00,England,League One,GILLINGHAM FC vs SCUNTHORPE UTD,2-1 (0-0),Over / Under,Over +2.50,1.89,,100,89.00,Win,Radek Kovar,Football,2015-10-20 18:18:08
2015-10-20 20:45:00,England,League Two,YORK CITY vs DAGENHAM & REDBRIDGE,2-2 (1-1),Over / Under,Over +2.50,2.02,,100,102.00,Win,Radek Kovar,Football,2015-10-20 18:14:03
2015-10-19 19:45:00,Switzerland,Challenge League,FC BIEL-BIENNE vs FC CHIASSO,1-1 (1-1),Over / Under,Over +2.50,1.87,,100,-100.00,Lost,Radek Kovar,Football,2015-10-19 17:39:10
2015-10-18 15:00:00,Italy,Serie A,SSC NAPOLI vs AC FIORENTINA,2-1 (0-0),Over / Under,Over +2.50,1.88,,100,88.00,Win,Radek Kovar,Football,2015-10-18 11:46:35
2015-10-18 13:45:00,Switzerland,Axpo Super League,FC SION vs FC BASEL,0-2 (0-1),Over / Under,Over +2.50,1.90,,100,-100.00,Lost,Radek Kovar,Football,2015-10-18 11:30:06
2015-10-17 16:00:00,England,Premier League,SOUTHAMPTON FC vs LEICESTER CITY,2-2 (2-0),Over / Under,Over +2.75,2.00,,100,100.00,Win,Radek Kovar,Football,2015-10-17 13:49:38
2015-10-15 19:00:00,Peru,"Primera Division, Clausura",SPORT HUANCAYO vs JUAN AURICH DE CHICLAYO,1-0 (0-0),Over / Under,Over +2.50,2.05,,100,-100.00,Lost,Radek Kovar,Football,2015-10-15 13:39:02
2015-10-15 18:00:00,Russia,1st Division,ZENIT-2 ST.PETERSBURG vs FC KAMAZ NABEREZHNYE CHELNY,1-2 (0-2),Over / Under,Over +2.50,1.92,,100,92.00,Win,Radek Kovar,Football,2015-10-15 13:33:02
2015-10-15 03:30:00,USA,Major League Soccer,REAL SALT LAKE vs PORTLAND TIMBERS,0-1 (0-0),Over / Under,Under +2.50,2.12,,100,112.00,Win,Radek Kovar,Football,2015-10-14 22:05:09
2015-10-14 17:00:00,Serbia,Superliga,FK RADNIK SURDULICA vs PARTIZAN BELGRADE,2-2 (0-2),Over / Under,Over +2.50,1.95,,100,95.00,Win,Radek Kovar,Football,2015-10-14 11:52:09
2015-10-13 20:45:00,International,Euro Cup,NETHERLANDS vs CZECH REPUBLIC,2-3 (0-2),Over / Under,Over +2.50,1.90,,100,90.00,Win,Radek Kovar,Football,2015-10-13 18:19:04
2015-10-13 20:45:00,England,Skrill Premier,BOREHAM WOOD vs ALDERSHOT TOWN,0-1 (0-1),Over / Under,Over +2.50,2.16,,100,-100.00,Lost,Radek Kovar,Football,2015-10-13 17:52:04
2015-10-13 20:45:00,England,Skrill Premier,MACCLESFIELD TOWN vs GATESHEAD FC,1-0 (0-0),Over / Under,Over +2.50,1.98,,100,-100.00,Lost,Radek Kovar,Football,2015-10-13 17:45:06
2015-10-11 18:00:00,International,Euro Cup,ARMENIA vs ALBANIA,0-3 (0-2),Match Odds,ALBANIA,2.05,,100,105.00,Win,Radek Kovar,Football,2015-10-11 15:16:51
2015-10-11 00:00:00,USA,Major League Soccer,COLORADO RAPIDS vs MONTREAL IMPACT,0-1 (0-1),Over / Under,Over +2.50,2.06,,100,-100.00,Lost,Radek Kovar,Football,2015-10-10 21:08:03
2015-10-10 20:45:00,International,Euro Cup,CZECH REPUBLIC vs TURKEY,0-2 (0-0),Asian handicap,TURKEY +0,2.01,,100,101.00,Win,Radek Kovar,Football,2015-10-10 16:24:03
2015-10-09 20:45:00,Ireland,Airtricity Premier Division,DROGHEDA UNITED FC vs CORK CITY FC,1-1 (1-1),Over / Under,Under +2.50,2.05,,100,105.00,Win,Radek Kovar,Football,2015-10-09 16:20:04
2015-10-07 20:30:00,Belgium,EXQI League,FC DESSEL SPORT vs WHITE STAR BRUXELLES,0-3 (0-1),Over / Under,Over +2.50,1.85,,100,85.00,Win,Radek Kovar,Football,2015-10-07 17:48:04
2015-10-05 20:15:00,Germany,2. Bundesliga,MSV DUISBURG vs SC PADERBORN,1-0 (0-0),Over / Under,Over +2.50,2.05,,100,-100.00,Lost,Radek Kovar,Football,2015-10-05 16:30:11
2015-10-04 23:00:00,USA,Major League Soccer,FC DALLAS vs HOUSTON DYNAMO,4-1 (1-1),Over / Under,Under +2.50,2.31,,100,-100.00,Lost,Radek Kovar,Football,2015-10-04 20:49:02
2015-10-04 07:00:00,South Korea,K-League Classic,DAEJEON CITIZEN FC vs ULSAN HYUNDAI,0-0 (0-0),Over / Under,Over +2.50,1.92,,100,-100.00,Lost,Radek Kovar,Football,2015-10-04 04:23:02
2015-10-04 07:00:00,South Korea,K-League Classic,JEJU UNITED FC vs JEONBUK HYUNDAI,3-2 (2-0),Over / Under,Over +2.50,1.98,,100,98.00,Win,Radek Kovar,Football,2015-10-04 04:20:05
2015-10-01 03:45:00,Mexico,"Primera Division, Apertura",UANL TIGRES vs FC PUEBLA,0-1 (0-1),Over / Under,Over +2.50,1.98,,100,-100.00,Lost,Radek Kovar,Football,2015-09-30 22:53:06
2015-10-01 01:45:00,Mexico,"Primera Division, Apertura",MONARCAS MORELIA vs UNAM PUMAS,2-2 (2-2),Over / Under,Over +2.50,1.98,,100,98.00,Win,Radek Kovar,Football,2015-09-30 22:46:12
2015-09-30 04:00:00,Mexico,"Primera Division, Apertura",JAGUARES DE CHIAPAS vs GALLOS BLANCOS QUERETARO,0-0 (0-0),Over / Under,Over +2.50,1.86,,100,-100.00,Lost,Radek Kovar,Football,2015-09-29 23:13:04
2015-09-30 04:00:00,Mexico,"Primera Division, Apertura",TIBURONES ROJOS DE VERACRUZ vs CF PACHUCA,0-1 (0-0),Over / Under,Over +2.50,1.86,,100,-100.00,Lost,Radek Kovar,Football,2015-09-29 23:08:04
2015-09-30 03:30:00,Mexico,"Primera Division, Apertura",GUADALAJARA CHIVAS vs CF MONTERREY,2-1 (1-1),Over / Under,Over +2.50,1.97,,100,97.00,Win,Radek Kovar,Football,2015-09-29 23:05:16
2015-09-29 20:45:00,England,League One,BURTON ALBION vs SHEFFIELD UNITED,0-0 (0-0),Over / Under,Over +2.50,2.25,,100,-100.00,Lost,Radek Kovar,Football,2015-09-29 18:06:30
2015-09-29 20:45:00,England,League Two,NEWPORT COUNTY vs CRAWLEY TOWN,0-3 (0-2),Over / Under,Over +2.50,2.21,,100,121.00,Win,Radek Kovar,Football,2015-09-29 18:03:05
2015-09-29 20:45:00,England,League Two,PORTSMOUTH FC vs EXETER CITY,1-2 (0-1),Over / Under,Over +2.50,1.96,,100,96.00,Win,Radek Kovar,Football,2015-09-29 18:00:17
2015-09-28 19:00:00,Norway,Adeccoligaen,SOGNDAL IL vs STROMMEN IF,3-2 (1-0),Over / Under,Under +2.50,2.21,,100,-100.00,Lost,Radek Kovar,Football,2015-09-28 16:52:07
2015-09-28 19:00:00,Sweden,Allsvenskan,OREBRO SK vs KALMAR FF,2-1 (2-1),Over / Under,Under +2.50,2.02,,100,-100.00,Lost,Radek Kovar,Football,2015-09-28 16:48:14
2015-09-28 17:00:00,Russia,1st Division,VOLGA NIZHNY NOVGOROD vs ZENIT-2 ST.PETERSBURG,2-2 (1-1),Over / Under,Over +2.50,2.17,,100,117.00,Win,Radek Kovar,Football,2015-09-28 08:46:05
2015-09-28 01:00:00,USA,Major League Soccer,SAN JOSE EARTHQUAKES vs REAL SALT LAKE,1-0 (0-0),Over / Under,Under +2.50,2.13,,100,113.00,Win,Radek Kovar,Football,2015-09-27 23:01:05
2015-09-27 03:06:00,Mexico,"Primera Division, Apertura",CF PACHUCA vs SANTOS LAGUNA,0-0 (0-0),Over / Under,Over +2.75,1.95,,100,-100.00,Lost,Radek Kovar,Football,2015-09-26 22:30:16
2015-09-27 02:00:00,Mexico,"Primera Division, Apertura",CF MONTERREY vs MONARCAS MORELIA,2-2 (1-1),Over / Under,Under +2.50,2.03,,100,-100.00,Lost,Radek Kovar,Football,2015-09-26 22:23:03
2015-09-27 01:30:00,USA,Major League Soccer,NEW ENGLAND REVOLUTION vs PHILADELPHIA UNION,1-1 (1-0),Over / Under,Over +2.75,1.97,,100,-100.00,Lost,Radek Kovar,Football,2015-09-26 22:17:06
2015-09-26 07:00:00,Japan,League 1,MONTEDIO YAMAGATA vs VEGALTA SENDAI,1-1 (0-0),Over / Under,Over +2.50,2.31,,100,-100.00,Lost,Radek Kovar,Football,2015-09-26 04:48:02
2015-09-26 01:10:00,Paraguay,"Primera Division, Clausura",SOL DE AMERICA vs RUBIO NU,4-1 (1-0),Over / Under,Over +2.50,2.06,,100,106.00,Win,Radek Kovar,Football,2015-09-25 21:41:02
2015-09-24 02:30:00,USA,Major League Soccer,HOUSTON DYNAMO vs SPORTING KANSAS CITY,1-0 (0-0),Over / Under,Over +2.50,1.87,,100,-100.00,Lost,Radek Kovar,Football,2015-09-23 22:53:02
2015-09-23 18:00:00,Slovenia,PrvaLiga,NK OLIMPIJA LJUBLJANA vs NK ZAVRC,0-2 (0-2),Over / Under,Over +2.50,1.80,,100,-100.00,Lost,Radek Kovar,Football,2015-09-23 14:50:09
2015-09-23 17:30:00,Germany,2. Bundesliga,GREUTHER FURTH vs SC PADERBORN,3-0 (1-0),Over / Under,Under +2.50,2.06,,100,-100.00,Lost,Radek Kovar,Football,2015-09-23 14:46:07
2015-09-23 17:30:00,Finland,Veikkausliiga,HIFK vs FC KTP,0-0 (0-0),Over / Under,Under +2.50,2.06,,100,106.00,Win,Radek Kovar,Football,2015-09-23 14:30:10
2015-09-22 20:45:00,England,Skrill Premier,WREXHAM FC vs GRIMSBY TOWN,0-0 (0-0),Over / Under,Over +2.50,2.05,,100,-100.00,Lost,Radek Kovar,Football,2015-09-22 18:04:06
2015-09-22 20:45:00,England,Skrill Premier,MACCLESFIELD TOWN vs BARROW FC,1-2 (0-0),Over / Under,Over +2.50,2.13,,100,113.00,Win,Radek Kovar,Football,2015-09-22 17:54:06
2015-09-22 20:00:00,Germany,Bundesliga,FC INGOLSTADT vs HAMBURGER SV,0-1 (0-0),Over / Under,Over +2.50,2.28,,100,-100.00,Lost,Radek Kovar,Football,2015-09-22 17:36:04
2015-09-21 18:00:00,Poland,Ekstraklasa,KORONA KIELCE SA vs GORNIK LECZNA,0-2 (0-1),Over / Under,Over +2.50,2.34,,100,-100.00,Lost,Radek Kovar,Football,2015-09-21 13:07:02
2015-09-21 15:30:00,Russia,Premier League,FC URAL YEKATERINBURG vs FC KRASNODAR,3-1 (1-1),Over / Under,Over +2.50,2.37,,100,137.00,Win,Radek Kovar,Football,2015-09-21 13:03:04
2015-09-21 01:00:00,USA,Major League Soccer,PHILADELPHIA UNION vs HOUSTON DYNAMO,2-0 (1-0),Over / Under,Under +2.50,2.08,,100,108.00,Win,Radek Kovar,Football,2015-09-20 20:45:03
2015-09-20 16:00:00,Brazil,Brasilero Serie A,GOIAS GO vs JOINVILLE SC,3-0 (1-0),Over / Under,Over +2.50,2.47,,100,147.00,Win,Radek Kovar,Football,2015-09-20 14:21:04
2015-09-20 00:00:00,Mexico,"Primera Division, Apertura",CRUZ AZUL vs UNAM PUMAS,2-1 (1-1),Over / Under,Over +2.50,2.02,,100,102.00,Win,Radek Kovar,Football,2015-09-19 21:10:03
2015-09-19 23:45:00,Argentina,Primera Division,GIMNASIA Y ESGRIMA vs CA TIGRE,1-1 (0-1),Over / Under,Over +2.50,2.63,,100,-100.00,Lost,Radek Kovar,Football,2015-09-19 21:02:06
2015-09-15 20:45:00,England,Skrill Premier,CHELTENHAM TOWN vs MACCLESFIELD TOWN,2-0 (2-0),Over / Under,Over +2.50,1.98,,100,-100.00,Lost,Radek Kovar,Football,2015-09-15 18:44:04
2015-09-10 04:30:00,USA,Major League Soccer,PORTLAND TIMBERS vs SPORTING KANSAS CITY,0-0 (0-0),Over / Under,Over +2.50,1.87,,100,-100.00,Lost,Radek Kovar,Football,2015-09-09 20:37:04
2015-09-10 01:00:00,Paraguay,"Primera Division, Clausura",DEPORTIVO CAPIATA vs CLUB LIBERTAD ASUNCION,1-1 (1-1),Over / Under,Over +2.50,1.95,,100,-100.00,Lost,Radek Kovar,Football,2015-09-09 20:31:03
2015-09-09 20:30:00,Belgium,EXQI League,LIERSE SK vs CERCLE BRUGGE KSV,2-3 (1-2),Over / Under,Under +2.50,1.94,,100,-100.00,Lost,Radek Kovar,Football,2015-09-09 18:24:03
2015-09-09 12:30:00,South Korea,K-League Challenge,SEOUL E-LAND FC vs DAEGU FC,0-2 (0-1),Over / Under,Over +2.50,1.85,,100,-100.00,Lost,Radek Kovar,Football,2015-09-09 10:03:09
2015-09-09 12:30:00,South Korea,K-League Classic,ULSAN HYUNDAI vs JEONBUK HYUNDAI,2-0 (1-0),Over / Under,Over +2.50,2.16,,100,-100.00,Lost,Radek Kovar,Football,2015-09-09 10:01:06
2015-09-09 00:30:00,Brazil,Brasilero Serie B,LUVERDENSE MT vs ATLETICO GOIANIENSE,1-1 (1-0),Over / Under,Over +2.50,2.22,,100,-100.00,Lost,Radek Kovar,Football,2015-09-08 20:24:03
2015-09-09 00:00:00,Brazil,Brasilero Serie B,SANTA CRUZ PE vs PAYSANDU PA,1-2 (0-1),Over / Under,Over +2.50,2.22,,100,122.00,Win,Radek Kovar,Football,2015-09-08 20:17:02
2015-09-09 00:00:00,Brazil,Brasilero Serie B,BOTAFOGO RJ vs PARANA CLUBE PR,2-1 (0-1),Over / Under,Over +2.50,2.16,,100,116.00,Win,Radek Kovar,Football,2015-09-08 19:59:02
2015-09-08 00:00:00,Brazil,Brasilero Serie B,CEARA CE vs NAUTICO PE,1-0 (0-0),Over / Under,Over +2.50,2.10,,100,-100.00,Lost,Radek Kovar,Football,2015-09-07 15:35:05
2015-09-07 21:00:00,Brazil,Brasilero Serie B,OESTE SP vs CRB AL,0-0 (0-0),Over / Under,Over +2.50,2.26,,100,-100.00,Lost,Radek Kovar,Football,2015-09-07 15:59:06
2015-09-07 20:30:00,Denmark,Viasat Sport Divisionen,SILKEBORG IF vs FC HELSINGOR,1-0 (0-0),Over / Under,Over +2.75,1.88,,100,-100.00,Lost,Radek Kovar,Football,2015-09-07 16:06:04
2015-09-07 02:30:00,Argentina,Primera Division,RACING CLUB vs GIMNASIA Y ESGRIMA,2-0 (1-0),Over / Under,Over +2.50,2.57,,100,-100.00,Lost,Radek Kovar,Football,2015-09-06 21:32:03
2015-09-06 23:15:00,Argentina,Primera Division,BOCA JUNIORS vs CA SAN LORENZO,0-1 (0-0),Over / Under,Over +2.50,2.39,,100,-100.00,Lost,Radek Kovar,Football,2015-09-06 19:41:06
2015-09-06 21:00:00,Brazil,Brasilero Serie A,PALMEIRAS SP vs CORINTHIANS SP,3-3 (3-2),Over / Under,Over +2.50,2.41,,100,141.00,Win,Radek Kovar,Football,2015-09-06 17:50:04
2015-09-06 16:00:00,Brazil,Brasilero Serie A,CHAPECOENSE SC vs PONTE PRETA SP,0-0 (0-0),Over / Under,Over +2.50,2.55,,100,-100.00,Lost,Radek Kovar,Football,2015-09-06 09:49:05
2015-09-06 15:30:00,England,League One,BURTON ALBION vs COVENTRY CITY,1-2 (1-1),Over / Under,Over +2.50,2.14,,100,114.00,Win,Radek Kovar,Football,2015-09-06 09:38:03
2015-09-06 15:00:00,Belgium,EXQI League,ASV GEEL vs ROYAL ANTWERP FC,1-1 (1-1),Over / Under,Over +2.50,1.92,,100,-100.00,Lost,Radek Kovar,Football,2015-09-06 09:18:05
2015-09-06 04:00:00,USA,Major League Soccer,SEATTLE SOUNDERS vs TORONTO FC,2-1 (1-0),Over / Under,Over +2.50,1.87,,100,87.00,Win,Radek Kovar,Football,2015-09-06 01:59:04
2015-09-06 02:00:00,Brazil,Brasilero Serie B,AMERICA MINEIRO MG vs BRAGANTINO SP,1-2 (1-1),Over / Under,Over +2.50,2.02,,100,102.00,Win,Radek Kovar,Football,2015-09-05 22:12:07
2015-09-06 01:00:00,Paraguay,"Primera Division, Clausura",SOL DE AMERICA vs DEPORTIVO SANTANI,3-0 (2-0),Over / Under,Over +2.50,2.02,,100,102.00,Win,Radek Kovar,Football,2015-09-05 21:48:04
2015-09-05 23:30:00,Ecuador,Serie A,CD RIVER PLATE ECUADOR vs MUSHUC RUNA,2-2 (1-1),Over / Under,Over +2.50,2.41,,100,141.00,Win,Radek Kovar,Football,2015-09-05 21:44:02
2015-09-05 19:45:00,Poland,I Liga,OKS STOMIL OLSZTYN vs CHOJNICE,2-0 (1-0),Over / Under,Over +2.50,2.02,,100,-100.00,Lost,Radek Kovar,Football,2015-09-05 17:11:10
2015-09-05 16:00:00,England,Skrill Premier,ALDERSHOT TOWN vs HALIFAX TOWN,3-2 (2-0),Over / Under,Over +2.50,2.16,,100,116.00,Win,Radek Kovar,Football,2015-09-05 13:54:06
2015-09-05 16:00:00,England,League One,WALSALL FC vs BURY FC,0-1 (0-1),Over / Under,Over +2.50,2.01,,100,-100.00,Lost,Radek Kovar,Football,2015-09-05 13:42:10
2015-09-05 14:00:00,Germany,3.Liga,HOLSTEIN KIEL vs STUTTGARTER KICKERS,1-2 (1-1),Over / Under,Over +2.50,2.14,,100,114.00,Win,Radek Kovar,Football,2015-09-05 10:52:03
2015-09-05 02:30:00,Brazil,Brasilero Serie B,PARANA CLUBE PR vs EC BAHIA BA,1-0 (1-0),Over / Under,Over +2.50,2.30,,100,-100.00,Lost,Radek Kovar,Football,2015-09-04 20:37:02
2015-09-05 00:10:00,Argentina,Primera Division,CA BANFIELD vs ARGENTINOS JRS,1-1 (0-1),Over / Under,Over +2.50,2.34,,100,-100.00,Lost,Radek Kovar,Football,2015-09-04 20:25:04
2015-09-05 00:00:00,Brazil,Brasilero Serie B,CRB AL vs CEARA CE,1-3 (0-1),Over / Under,Over +2.50,2.23,,100,123.00,Win,Radek Kovar,Football,2015-09-04 20:33:02
2015-09-04 18:00:00,Poland,I Liga,OLIMPIA GRUDZIADZ vs ZAWISZA BYDGOSZCZ,2-3 (1-1),Over / Under,Over +2.50,2.07,,100,107.00,Win,Radek Kovar,Football,2015-09-04 15:45:05
2015-09-03 03:00:00,Brazil,Brasilero Serie A,GOIAS GO vs PALMEIRAS SP,1-0 (0-0),Over / Under,Over +2.50,2.46,,100,-100.00,Lost,Radek Kovar,Football,2015-09-02 17:37:09
2015-09-03 03:00:00,Brazil,Brasilero Serie A,CORINTHIANS SP vs FLUMINENSE RJ,2-0 (1-0),Over / Under,Over +2.50,2.30,,100,-100.00,Lost,Radek Kovar,Football,2015-09-02 17:29:02
2015-09-03 00:30:00,Brazil,Brasilero Serie A,JOINVILLE SC vs SAO PAULO SP,0-0 (0-0),Over / Under,Over +2.50,2.10,,100,-100.00,Lost,Radek Kovar,Football,2015-09-02 17:21:03
2015-09-02 01:30:00,Brazil,Brasilero Serie B,SAMPAIO CORREA MA vs MOGI MIRIM SP,3-1 (1-0),Over / Under,Under +2.50,2.00,,100,-100.00,Lost,Radek Kovar,Football,2015-09-01 21:45:04
2015-09-02 00:00:00,Brazil,Brasilero Serie B,CEARA CE vs PAYSANDU PA,0-0 (0-0),Over / Under,Over +2.50,2.22,,100,-100.00,Lost,Radek Kovar,Football,2015-09-01 18:38:04
2015-08-31 22:00:00,Portugal,Liga Sagres,CF UNIAO MADEIRA vs VITORIA GUIMARAES,0-0 (0-0),Over / Under,Over +2.50,2.74,,100,-100.00,Lost,Radek Kovar,Football,2015-08-31 18:56:03
2015-08-30 20:45:00,Italy,Serie A,TURIN FC vs AC FIORENTINA,3-1 (0-1),Over / Under,Over +2.50,2.24,,100,124.00,Win,Radek Kovar,Football,2015-08-30 17:35:14
2015-08-30 20:45:00,Italy,Serie A,AC CHIEVO VERONA vs LAZIO ROMA,4-0 (3-0),Over / Under,Over +2.50,2.38,,100,138.00,Win,Radek Kovar,Football,2015-08-30 17:29:04
2015-08-30 20:10:00,Argentina,Primera Division,ARSENAL DE SARANDI vs CA TIGRE,2-0 (0-0),Over / Under,Over +2.50,2.65,,100,-100.00,Lost,Radek Kovar,Football,2015-08-30 17:21:03
2015-08-29 20:45:00,Italy,Serie A,AC MILAN vs FC EMPOLI,2-1 (1-1),Over / Under,Under +2.50,1.95,,100,-100.00,Lost,Radek Kovar,Football,2015-08-29 15:36:05
2015-08-29 02:30:00,Mexico,"Primera Division, Apertura",TIBURONES ROJOS DE VERACRUZ vs CF MONTERREY,2-1 (1-1),Over / Under,Over +2.50,1.84,,100,84.00,Win,Radek Kovar,Football,2015-08-28 23:46:03
2015-08-29 02:10:00,Argentina,Primera Division,ARGENTINOS JRS vs CRUCERO DEL NORTE,4-0 (1-0),Over / Under,Over +2.50,2.49,,100,149.00,Win,Radek Kovar,Football,2015-08-28 23:39:02
2015-08-28 19:00:00,Denmark,Viasat Sport Divisionen,LYNGBY BK vs FC HELSINGOR,4-1 (3-0),Over / Under,Over +2.50,2.11,,100,111.00,Win,Radek Kovar,Football,2015-08-28 16:44:04
2015-08-28 19:00:00,Germany,3.Liga,FORTUNA COLOGNE vs FC MAGDEBURG,2-1 (2-1),Over / Under,Over +2.50,1.95,,100,95.00,Win,Radek Kovar,Football,2015-08-28 16:34:03
2015-08-28 18:30:00,Germany,2. Bundesliga,SC FREIBURG vs SV SANDHAUSEN,4-1 (3-0),Over / Under,Over +2.50,2.06,,100,106.00,Win,Radek Kovar,Football,2015-08-28 16:29:02
2015-08-25 20:45:00,European cups,UEFA Champions League,MACCABI TEL AVIV vs FC BASEL,1-1 (1-1),Asian handicap,FC BASEL -0.50,2.11,,100,-100.00,Lost,Radek Kovar,Football,2015-08-25 18:38:02
2015-08-25 20:45:00,European cups,UEFA Champions League,AS MONACO vs VALENCIA CF,2-1 (1-1),Over / Under,Over +2.50,2.11,,100,111.00,Win,Radek Kovar,Football,2015-08-25 18:32:05
2015-08-25 01:00:00,Argentina,Primera Division,DEFENSA Y JUSTICIA vs CA ALDOSIVI,4-0 (1-0),Over / Under,Over +2.25,1.92,,100,92.00,Win,Radek Kovar,Football,2015-08-24 21:22:04
2015-08-23 19:15:00,Czech Republic,1st Division,SPARTA PRAGUE vs DUKLA PRAGUE,2-0 (1-0),Over / Under,Over +3.00,1.94,,100,-100.00,Lost,Radek Kovar,Football,2015-08-23 16:18:04
2015-08-23 18:30:00,Czech Republic,1st Division,FC VIKTORIA PLZEN vs SK SIGMA OLOMOUC,2-0 (0-0),Over / Under,Over +3.00,1.93,,100,-100.00,Lost,Radek Kovar,Football,2015-08-23 16:22:03
2015-08-23 04:00:00,USA,Major League Soccer,VANCOUVER WHITECAPS FC vs FC DALLAS,1-0 (1-0),Over / Under,Under +2.50,1.91,,100,91.00,Win,Radek Kovar,Football,2015-08-22 22:28:03
2015-08-23 00:15:00,Mexico,"Primera Division, Apertura",AMERICA DE MEXICO vs TIBURONES ROJOS DE VERACRUZ,3-1 (2-0),Over / Under,Over +2.75,1.89,,100,89.00,Win,Radek Kovar,Football,2015-08-22 22:05:09
2015-08-22 16:00:00,England,League Two,NOTTS COUNTY vs ACCRINGTON STANLEY,1-1 (0-0),Over / Under,Over +2.50,1.96,,100,-100.00,Lost,Radek Kovar,Football,2015-08-22 12:59:15
2015-08-22 16:00:00,England,League Two,CARLISLE UTD vs AFC WIMBLEDON,1-1 (0-1),Over / Under,Over +2.50,2.00,,100,-100.00,Lost,Radek Kovar,Football,2015-08-22 12:48:05
2015-08-22 16:00:00,England,League One,FLEETWOOD TOWN vs COLCHESTER UTDFC,4-0 (2-0),Over / Under,Over +2.50,1.98,,100,98.00,Win,Radek Kovar,Football,2015-08-22 12:40:06
2015-08-17 01:00:00,USA,Major League Soccer,PHILADELPHIA UNION vs CHICAGO FIRE,3-3 (2-1),Over / Under,Over +2.50,1.89,,100,89.00,Win,Radek Kovar,Football,2015-08-16 22:35:03
2015-08-16 18:00:00,Norway,Eliteserien,ROSENBORG BK vs VALERENGA IF,2-0 (0-0),Over / Under,Over +3.50,1.85,,100,-100.00,Lost,Radek Kovar,Football,2015-08-16 11:53:02
2015-08-16 17:00:00,England,Premier League,MANCHESTER CITY vs CHELSEA FC,3-0 (1-0),Over / Under,Over +2.50,2.00,,100,100.00,Win,Radek Kovar,Football,2015-08-16 14:15:15
2015-08-16 15:30:00,Germany,Bundesliga,VFL WOLFSBURG vs EINTRACHT FRANKFURT,2-1 (2-1),Asian handicap,VFL WOLFSBURG -1.25,1.85,,100,-50.00,Half lost,Radek Kovar,Football,2015-08-16 12:33:10
2015-08-15 19:00:00,Bulgaria,A PFG,LEVSKI SOFIA vs PFC MONTANA 1921,2-0 (0-0),Asian handicap,LEVSKI SOFIA -1.25,2.08,,100,108.00,Win,Radek Kovar,Football,2015-08-15 15:19:02
2015-08-15 18:30:00,Ukraine,Premier League,FC DYNAMO KIEV vs KARPATY LVIV,3-0 (1-0),Asian handicap,KARPATY LVIV +1.75,1.90,,100,-100.00,Lost,Radek Kovar,Football,2015-08-15 14:59:06
2015-08-15 15:30:00,Germany,Bundesliga,WERDER BREMEN vs FC SCHALKE 04,0-3 (0-1),Over / Under,Over +2.75,1.93,,100,46.50,Half win,Radek Kovar,Football,2015-08-15 12:51:04
2015-08-14 01:00:00,USA,Major League Soccer,NEW YORK CITY FC vs WASHINGTON DC UTD,3-1 (0-1),Over / Under,Over +3.00,2.01,,100,101.00,Win,Radek Kovar,Football,2015-08-13 21:37:02
2015-08-12 00:00:00,International Clubs,Copa Sudamericana,UNIVERSIDAD CATOLICA vs DANUBIO FC,1-0 (0-0),Asian handicap,UNIVERSIDAD CATOLICA -1.00,1.92,,100,0.00,Void,Radek Kovar,Football,2015-08-11 22:06:03
2015-08-10 21:00:00,England,Premier League,WEST BROMWICH ALBION vs MANCHESTER CITY,0-3 (0-2),Over / Under,Over +2.50,1.81,,100,81.00,Win,Radek Kovar,Football,2015-08-10 18:42:05
2015-08-05 02:00:00,Brazil,Brasilero Serie B,AMERICA MINEIRO MG vs PARANA CLUBE PR,2-0 (2-0),Over / Under,Under +2.25,1.86,,100,43.00,Half win,Radek Kovar,Football,2015-08-04 23:11:02
2015-08-04 20:15:00,European cups,UEFA Champions League,AJAX AMSTERDAM vs SK RAPID VIENNA,2-3 (0-2),Over / Under,Over +2.50,1.81,,100,81.00,Win,Radek Kovar,Football,2015-08-04 18:08:06
2015-08-02 21:00:00,Croatia,1. HNL,HNK RIJEKA vs NK LOKOMOTIVA ZAGREB,3-1 (2-1),Over / Under,Over +3.25,1.96,,100,96.00,Win,Radek Kovar,Football,2015-08-02 18:18:02
2015-08-02 18:00:00,Norway,Eliteserien,AALESUNDS FK vs IK START,2-0 (0-0),Over / Under,Under +3.25,1.83,,100,83.00,Win,Radek Kovar,Football,2015-08-02 13:45:03
2015-08-02 17:00:00,Czech Republic,1st Division,SK SLAVIA PRAGUE vs FC SLOVAN LIBEREC,2-2 (2-1),Asian handicap,SK SLAVIA PRAGUE -0.25,1.90,,100,-50.00,Half lost,Radek Kovar,Football,2015-08-02 13:35:07
2015-08-02 16:00:00,England,Community Shield,ARSENAL FC vs CHELSEA FC,1-0 (1-0),Over / Under,Under +2.50,1.90,,100,90.00,Win,Radek Kovar,Football,2015-08-02 13:18:03
2015-08-01 21:00:00,France,Trophée des Champions,PARIS ST GERMAIN vs OLYMPIQUE LYON,2-0 (2-0),Asian handicap,PARIS ST GERMAIN -1.00,2.09,,100,109.00,Win,Radek Kovar,Football,2015-08-01 16:28:07
2015-08-01 20:15:00,Czech Republic,1st Division,DUKLA PRAGUE vs FC VIKTORIA PLZEN,1-0 (0-0),Over / Under,Over +2.75,1.88,,100,-100.00,Lost,Radek Kovar,Football,2015-08-01 11:12:03
2015-08-01 15:00:00,Finland,Ykkonen,AC OULU vs PS KEMI KINGS,3-1 (0-0),Over / Under,Under +2.50,1.89,,100,-100.00,Lost,Radek Kovar,Football,2015-08-01 11:33:02
2015-08-01 15:00:00,Czech Republic,1st Division,SPARTA PRAGUE vs FC BANIK OSTRAVA,3-1 (0-0),Over / Under,Over +3.00,1.98,,100,98.00,Win,Radek Kovar,Football,2015-08-01 11:21:08
2015-07-29 18:00:00,European cups,UEFA Europa League,FK BAUMIT JABLONEC vs FC COPENHAGEN,0-1 (0-0),Asian handicap,FK BAUMIT JABLONEC -0.25,1.96,,100,-100.00,Lost,Radek Kovar,Football,2015-07-29 14:15:04
2015-07-28 21:00:00,European cups,UEFA Champions League,NK DINAMO ZAGREB vs MOLDE FK,1-1 (1-1),Over / Under,Over +2.50,2.06,,100,-100.00,Lost,Radek Kovar,Football,2015-07-28 17:05:05
2015-07-28 20:00:00,European cups,UEFA Champions League,FENERBAHCE vs FC SHAKHTAR DONETSK,0-0 (0-0),Over / Under,Over +2.50,2.00,,100,-100.00,Lost,Radek Kovar,Football,2015-07-28 16:55:05
2015-07-28 19:30:00,European cups,UEFA Champions League,MACCABI TEL AVIV vs FC VIKTORIA PLZEN,1-2 (0-2),Over / Under,Over +2.50,2.00,,80,80.00,Win,Radek Kovar,Football,2015-07-28 16:35:09
2015-07-27 23:00:00,Argentina,Primera Division,ARSENAL DE SARANDI vs ARGENTINOS JRS,3-2 (1-0),Over / Under,Under +1.75,2.06,,100,-100.00,Lost,Radek Kovar,Football,2015-07-27 20:26:04
2015-07-25 18:00:00,Serbia,Superliga,FK MLADOST LUCANI vs FK NOVI PAZAR,1-1 (1-1),Match Odds,FK MLADOST LUCANI,1.91,,100,-100.00,Lost,Radek Kovar,Football,2015-07-25 13:04:09
2015-07-25 17:30:00,Romania,Liga 1,FC VIITORUL CONSTANTA vs DINAMO BUCURESTI,1-1 (0-0),Over / Under,Over +2.50,2.00,,100,-100.00,Lost,Radek Kovar,Football,2015-07-25 13:44:03
2015-07-25 17:00:00,Czech Republic,1st Division,1 FC SLOVACKO vs DUKLA PRAGUE,4-3 (1-1),Asian handicap,DUKLA PRAGUE +0,1.89,,100,-100.00,Lost,Radek Kovar,Football,2015-07-25 12:42:02
2015-07-24 19:00:00,Czech Republic,1st Division,FC VYSOCINA JIHLAVA vs SPARTA PRAGUE,0-0 (0-0),Asian handicap,SPARTA PRAGUE -1.25,2.00,,100,-100.00,Lost,Radek Kovar,Football,2015-07-24 15:03:05
2015-07-24 18:30:00,Austria,ADEG Erste Liga,AUSTRIA LUSTENAU vs SC WIENER NEUSTADT,2-0 (1-0),Match Odds,SC AUSTRIA,2.28,,100,128.00,Win,Radek Kovar,Football,2015-07-24 16:03:06
2015-07-23 20:00:00,European cups,UEFA Europa League,FK RABOTNICKI SKOPJE vs FK JELGAVA,2-0 (2-0),Asian handicap,FK RABOTNICKI SKOPJE -1.25,2.08,,100,108.00,Win,Radek Kovar,Football,2015-07-23 12:30:06
2015-07-23 18:00:00,Ukraine,Premier League,VOLYN LUTSK vs FC SHAKHTAR DONETSK,1-4 (1-2),Over / Under,Under +3.00,2.12,,100,-100.00,Lost,Radek Kovar,Football,2015-07-23 14:16:07
2015-07-23 17:45:00,Denmark,Viasat Sport Divisionen,LYNGBY BK vs HB KOGE,1-0 (0-0),Over / Under,Over +2.50,2.09,,100,-100.00,Lost,Radek Kovar,Football,2015-07-23 12:19:07
2015-07-23 03:00:00,Copa Libertadores,Copa Libertadores,UANL TIGRES vs INTERNACIONAL RS,3-1 (2-0),Over / Under,Over +2.25,2.02,,100,102.00,Win,Radek Kovar,Football,2015-07-23 00:11:03
2015-07-22 21:15:00,European cups,UEFA Champions League,STJARNAN GARDABAE vs CELTIC FC,1-4 (1-1),Over / Under,Over +2.50,1.92,,100,92.00,Win,Radek Kovar,Football,2015-07-22 16:10:04
2015-07-22 20:45:00,European cups,UEFA Champions League,DUNDALK FC vs FC BATE BORISOV,0-0 (0-0),Over / Under,Over +2.50,2.15,,100,-100.00,Lost,Radek Kovar,Football,2015-07-22 15:45:04
2015-07-22 20:45:00,European cups,UEFA Champions League,FK RUDAR PLJEVLJA vs QARABAG FK,0-1 (0-0),Over / Under,Under +1.75,2.17,,100,117.00,Win,Radek Kovar,Football,2015-07-22 15:17:02
2015-07-21 20:10:00,European cups,UEFA Champions League,VMFD ZALGIRIS vs MALMO FF,0-1 (0-0),Asian handicap,MALMO FF -0.50,2.01,,100,101.00,Win,Radek Kovar,Football,2015-07-21 17:59:04
2015-07-21 19:30:00,European cups,UEFA Champions League,MACCABI TEL AVIV vs HIBERNIANS FC,5-1 (1-0),Over / Under,Under +3.50,1.90,,100,-100.00,Lost,Radek Kovar,Football,2015-07-21 16:04:07
2015-07-21 17:55:00,European cups,UEFA Europa League,IF ELFSBORG vs RANDERS FC,0-0 (0-0),Asian handicap,IF ELFSBORG -0.50,2.00,,100,-100.00,Lost,Radek Kovar,Football,2015-07-21 16:11:08
2015-07-16 21:00:00,European cups,UEFA Europa League,HNK RIJEKA vs ABERDEEN FC,0-3 (0-1),Over / Under,Under +2.50,2.00,,100,-100.00,Lost,Radek Kovar,Football,2015-07-16 11:25:04
2015-07-16 20:15:00,European cups,UEFA Europa League,SLOVAN BRATISLAVA vs UNIVERSITY COLLEGE DUBLIN,1-0 (0-0),Asian handicap,SLOVAN BRATISLAVA -2.25,1.85,,100,-100.00,Lost,Radek Kovar,Football,2015-07-16 11:04:06
2015-07-16 18:00:00,International Youth,U19 European Championship,RUSSIA vs GREECE,4-0 (0-0),Match Odds,RUSSIA,1.98,,100,98.00,Win,Radek Kovar,Football,2015-07-16 12:30:07
2015-07-15 00:30:00,Brazil,Brasilero Serie B,ABC RN vs PARANA CLUBE PR,1-4 (1-0),Asian handicap,PARANA CLUBE PR +0.50,2.02,,100,102.00,Win,Radek Kovar,Football,2015-07-14 22:31:14
2015-07-14 19:45:00,European cups,UEFA Champions League,LUDOGORETS RAZGRAD vs FC MILSAMI,0-1 (0-1),Asian handicap,LUDOGORETS RAZGRAD -2.00,2.10,,100,-100.00,Lost,Radek Kovar,Football,2015-07-14 12:43:06
2015-07-14 18:30:00,International Clubs,Club Friendly Games,VITESSE ARNHEM vs SPARTA PRAGUE,1-1 (1-1),Match Odds,SPARTA PRAGUE,1.98,,100,-100.00,Lost,Radek Kovar,Football,2015-07-14 11:57:05
2015-07-14 18:00:00,International Clubs,Club Friendly Games,VALENCIENNES FC vs ROYAL MOUSCRON,1-1 (1-0),Asian handicap,ROYAL MOUSCRON -0.25,2.11,,100,-50.00,Half lost,Radek Kovar,Football,2015-07-14 11:41:04
2015-07-14 03:30:00,International,Concacaf Gold Cup,PANAMA vs USA,1-1 (1-0),Asian handicap,PANAMA +0.75,1.95,,100,95.00,Win,Radek Kovar,Football,2015-07-13 20:20:07
2015-07-13 23:00:00,Argentina,Primera Division,CA ALDOSIVI vs CA ROSARIO CENTRAL,1-3 (0-2),Asian handicap,CA ROSARIO CENTRAL -0.50,2.20,,100,120.00,Win,Radek Kovar,Football,2015-07-13 18:24:03
2015-07-13 19:00:00,International Clubs,Club Friendly Games,FC BIEL-BIENNE vs FC LUZERN,1-0 (1-0),Over / Under,Over +3.25,2.02,,100,-100.00,Lost,Radek Kovar,Football,2015-07-13 16:31:03
2015-07-13 00:30:00,International,Concacaf Gold Cup,TRINIDAD AND TOBAGO vs CUBA,2-0 (2-0),Asian handicap,TRINIDAD AND TOBAGO -2.75,2.04,,100,-100.00,Lost,Radek Kovar,Football,2015-07-12 11:23:02
2015-07-12 19:00:00,Croatia,1. HNL,NK DINAMO ZAGREB vs HNK HAJDUK SPLIT,1-1 (1-1),Asian handicap,NK DINAMO ZAGREB -1.50,2.00,,100,-100.00,Lost,Radek Kovar,Football,2015-07-12 12:44:11
2015-07-12 16:00:00,Brazil,Brasilero Serie A,SAO PAULO SP vs CORITIBA PR,3-1 (2-0),Asian handicap,SAO PAULO SP -1.00,2.05,,100,105.00,Win,Radek Kovar,Football,2015-07-12 12:16:11
2015-07-11 02:30:00,International,Concacaf Gold Cup,USA vs HAITI,1-0 (0-0),Asian handicap,HAITI +2.25,2.13,,100,113.00,Win,Radek Kovar,Football,2015-07-10 23:23:07
2015-07-10 20:00:00,International Youth,U19 European Championship,GERMANY vs NETHERLANDS,1-0 (0-0),Match Odds,GERMANY,2.09,,100,109.00,Win,Radek Kovar,Football,2015-07-10 15:45:16
2015-07-10 19:00:00,Norway,Eliteserien,MOLDE FK vs HAUGESUND FK,0-1 (0-1),Asian handicap,MOLDE FK -1.75,1.95,,100,-100.00,Lost,Radek Kovar,Football,2015-07-10 16:00:15
2015-07-10 18:00:00,International Clubs,Club Friendly Games,SV MATTERSBURG vs DUKLA PRAGUE,4-1 (2-0),Over / Under,Over +3.25,2.04,,100,104.00,Win,Radek Kovar,Football,2015-07-10 14:59:05
2015-07-10 03:30:00,International,Concacaf Gold Cup,MEXICO vs CUBA,6-0 (4-0),Asian handicap,MEXICO -4.25,2.05,,100,105.00,Win,Radek Kovar,Football,2015-07-09 23:13:26
2015-07-09 20:45:00,European cups,UEFA Europa League,ABERDEEN FC vs SHKENDIJA 79 TETOVO,0-0 (0-0),Over / Under,Over +2.50,1.97,,100,-100.00,Lost,Radek Kovar,Football,2015-07-09 16:32:04
2015-07-09 19:30:00,European cups,UEFA Europa League,ZRINJSKI MOSTAR vs SHIRAK GYUMRI FC,2-1 (0-0),Asian handicap,ZRINJSKI MOSTAR -1.00,2.25,,100,0.00,Void,Radek Kovar,Football,2015-07-09 13:50:05
2015-07-09 19:30:00,European cups,UEFA Europa League,MSK ZILINA vs GLENTORAN FC,3-0 (1-0),Over / Under,Over +3.50,2.02,,100,-100.00,Lost,Radek Kovar,Football,2015-07-09 09:52:03
2015-07-08 20:00:00,Romania,Super Cup,STEAUA BUCURESTI vs FCM TARGU MURES,0-1 (0-0),Asian handicap,STEAUA BUCURESTI -0.75,2.03,,100,-100.00,Lost,Radek Kovar,Football,2015-07-08 16:10:06
2015-07-08 18:30:00,International Clubs,Club Friendly Games,SK RAPID VIENNA vs FK BAUMIT JABLONEC,0-0 (0-0),Over / Under,Over +3.00,1.93,,100,-100.00,Lost,Radek Kovar,Football,2015-07-08 12:04:08
2015-07-08 03:30:00,International,Concacaf Gold Cup,USA vs HONDURAS,2-1 (1-0),Over / Under,Under +2.25,2.17,,100,-100.00,Lost,Radek Kovar,Football,2015-07-07 13:11:02
2015-07-07 19:00:00,International Clubs,Club Friendly Games,MALMO FF vs FC SLOVAN LIBEREC,1-0 (1-0),Match Odds,MALMO FF,1.99,,100,99.00,Win,Radek Kovar,Football,2015-07-07 12:55:13
2015-07-06 19:05:00,Sweden,Allsvenskan,GEFLE IF vs HAMMARBY IF,1-1 (1-1),Asian handicap,GEFLE IF +0,1.95,,100,0.00,Void,Radek Kovar,Football,2015-07-06 11:17:02
2015-07-05 21:00:00,Brazil,Brasilero Serie A,SAO PAULO SP vs FLUMINENSE RJ,0-0 (0-0),Over / Under,Over +2.50,2.17,,100,-100.00,Lost,Radek Kovar,Football,2015-07-05 17:30:07
2015-07-05 17:30:00,Sweden,Allsvenskan,KALMAR FF vs AIK,0-0 (0-0),Over / Under,Over +2.50,2.06,,100,-100.00,Lost,Radek Kovar,Football,2015-07-05 12:17:02
2015-07-05 17:30:00,Finland,Veikkausliiga,KUOPIO PS vs FF JARO,1-3 (0-1),Over / Under,Under +2.25,2.07,,100,-100.00,Lost,Radek Kovar,Football,2015-07-05 11:41:03
2015-07-05 15:30:00,Norway,Eliteserien,STROMSGODSET vs VIKING FK,4-1 (2-1),Over / Under,Under +3.00,1.95,,100,-100.00,Lost,Radek Kovar,Football,2015-07-05 13:00:08
2015-07-04 20:45:00,Ireland,Airtricity Premier Division,SLIGO ROVERS FC vs GALWAY FC,1-1 (1-1),Asian handicap,GALWAY UNITED FC +0.50,2.07,,100,107.00,Win,Radek Kovar,Football,2015-07-04 11:26:02
2015-07-04 15:30:00,Norway,Eliteserien,IK START vs STABAEK FOTBALL,4-1 (2-0),Over / Under,Over +3.00,2.00,,100,100.00,Win,Radek Kovar,Football,2015-07-04 10:56:04
2015-07-04 05:00:00,USA,Major League Soccer,SEATTLE SOUNDERS vs WASHINGTON DC UTD,1-0 (0-0),Over / Under,Under +2.25,2.08,,100,108.00,Win,Radek Kovar,Football,2015-07-03 12:30:12
2015-07-04 00:30:00,International,International Friendly Games,USA vs GUATEMALA,4-0 (1-0),Asian handicap,USA -2.00,2.00,,100,100.00,Win,Radek Kovar,Football,2015-07-03 21:01:07
2015-07-03 21:05:00,Ireland,Airtricity Premier Division,DROGHEDA UNITED FC vs DUNDALK FC,1-2 (0-0),Both team to score,Yes,2.25,,100,125.00,Win,Radek Kovar,Football,2015-07-03 14:22:05
2015-07-03 19:00:00,Norway,Eliteserien,SARPSBORG vs MOLDE FK,1-4 (0-2),Over / Under,Under +2.75,1.99,,100,-100.00,Lost,Radek Kovar,Football,2015-07-03 10:24:04
2015-07-03 00:30:00,Brazil,Brasilero Serie A,FIGUEIRENSE FC vs GOIAS GO,3-1 (2-0),Over / Under,Under +2.00,1.89,,100,-100.00,Lost,Radek Kovar,Football,2015-07-02 11:56:14
2015-07-02 00:30:00,Brazil,Brasilero Serie A,SPORT RECIFE PE vs INTERNACIONAL RS,3-0 (3-0),Match Odds,SPORT RECIFE PE,2.17,,100,117.00,Win,Radek Kovar,Football,2015-07-01 14:42:16
2015-07-02 00:30:00,Brazil,Brasilero Serie A,VASCO DA GAMA RJ vs AVAI SC,1-0 (0-0),Over / Under,Under +2.25,1.99,,100,99.00,Win,Radek Kovar,Football,2015-07-01 14:30:12
2015-06-30 20:45:00,International Youth,U21 European Championship,SWEDEN vs PORTUGAL,4-3 (0-0),Over / Under,Over +2.50,2.10,,100,-100.00,Lost,Radek Kovar,Football,2015-06-30 16:33:03
2015-06-30 18:00:00,International Clubs,Club Friendly Games,SV JOSKO RIED vs FCM TARGU MURES,1-1 (0-1),Asian handicap,FCM TARGU MURES -0.25,2.14,,100,-50.00,Half lost,Radek Kovar,Football,2015-06-30 13:18:12
2015-06-30 18:00:00,European cups,UEFA Champions League,PYUNIK YEREVAN FC vs SS FOLGORE/FALCIANO,2-1 (1-0),Asian handicap,PYUNIK YEREVAN FC -2.50,1.83,,100,-100.00,Lost,Radek Kovar,Football,2015-06-30 01:00:07
2015-06-30 01:30:00,International,"Copa America, Final Round",CHILE vs PERU,2-1 (1-0),Over / Under,Under +2.50,1.99,,100,-100.00,Lost,Radek Kovar,Football,2015-06-29 21:53:02
2015-06-29 22:00:00,Iceland,Iceland,KEFLAVIK IF vs STJARNAN GARDABAE,1-2 (1-1),Match Odds,STJARNAN GARDABAE,2.10,,100,110.00,Win,Radek Kovar,Football,2015-06-29 19:21:03
2015-06-29 01:00:00,USA,Major League Soccer,PORTLAND TIMBERS vs SEATTLE SOUNDERS,4-1 (1-1),Asian handicap,PORTLAND TIMBERS -0.75,2.06,,100,106.00,Win,Radek Kovar,Football,2015-06-28 15:02:05
2015-06-28 20:00:00,Norway,Eliteserien,VALERENGA IF vs BODO/GLIMT,1-2 (0-0),Asian handicap,VALERENGA IF -1.25,1.97,,100,-100.00,Lost,Radek Kovar,Football,2015-06-28 14:44:04
2015-06-28 17:30:00,Finland,Ykkonen,VIFK vs PK 35,0-2 (0-0),Over / Under,Over +3.00,1.90,,100,-100.00,Lost,Radek Kovar,Football,2015-06-28 14:14:09
2015-06-26 22:00:00,International,"Euro Cup Women, Final Round",GERMANY vs FRANCE,6-5 (0-0),Over / Under,Over +2.25,2.09,,100,-50.00,Half lost,Radek Kovar,Football,2015-06-26 11:53:05
2015-06-26 20:45:00,Ireland,Airtricity First Division,SHELBOURNE DUBLIN FC vs FINN HARPS FC,3-2 (1-1),Over / Under,Under +2.25,2.04,,100,-100.00,Lost,Radek Kovar,Football,2015-06-26 10:42:03
2015-06-26 01:30:00,International,"Copa America, Final Round",BOLIVIA vs PERU,1-3 (0-2),Match Odds,Draw,3.31,,100,-100.00,Lost,Radek Kovar,Football,2015-06-25 20:29:06
2015-06-25 17:30:00,Finland,Ykkonen,JJK JYVASKYLA vs FC HAKA VALKEAKOSKI,2-2 (1-1),Over / Under,Over +3.00,2.05,,100,105.00,Win,Radek Kovar,Football,2015-06-25 10:42:04
2015-06-25 01:30:00,International,"Copa America, Final Round",CHILE vs URUGUAY,1-0 (0-0),Over / Under,Over +2.25,1.98,,100,-100.00,Lost,Radek Kovar,Football,2015-06-23 22:46:05
2015-06-24 20:45:00,International Youth,U21 European Championship,ENGLAND vs ITALY,1-3 (0-2),Asian handicap,ENGLAND -0.25,2.14,,100,-100.00,Lost,Radek Kovar,Football,2015-06-24 15:51:06
2015-06-23 20:45:00,International Youth,U21 European Championship,CZECH REPUBLIC vs GERMANY,1-1 (0-0),Over / Under,Over +2.75,2.02,,100,-100.00,Lost,Radek Kovar,Football,2015-06-23 11:07:12
2015-06-21 18:00:00,International Youth,U21 European Championship,SWEDEN vs ENGLAND,0-1 (0-0),Asian handicap,ENGLAND -0.75,1.94,,80,37.60,Half win,Radek Kovar,Football,2015-06-21 14:44:04
2015-06-20 18:00:00,International Youth,U21 European Championship,SERBIA vs CZECH REPUBLIC,0-4 (0-2),Asian handicap,SERBIA -0.25,2.13,,80,-80.00,Lost,Radek Kovar,Football,2015-06-20 12:20:06
2015-06-20 07:00:00,International Youth,U20 World Cup,BRAZIL vs SERBIA,1-1 (0-0),Asian handicap,BRAZIL -0.75,2.13,,100,-100.00,Lost,Radek Kovar,Football,2015-06-17 16:28:18
2015-06-19 01:30:00,International,Copa America,PERU vs VENEZUELA,1-0 (0-0),Over / Under,Over +2.25,2.00,,80,-80.00,Lost,Radek Kovar,Football,2015-06-18 23:19:03
2015-06-17 06:00:00,International Youth,U20 World Cup,BRAZIL vs SENEGAL,5-0 (4-0),Over / Under,Under +2.00,2.06,,80,-80.00,Lost,Radek Kovar,Football,2015-06-17 00:16:03
2015-06-16 01:30:00,International,Copa America,CHILE vs MEXICO,3-3 (2-2),Asian handicap,CHILE -1.00,2.00,,80,-80.00,Lost,Radek Kovar,Football,2015-06-15 17:14:03
2015-06-14 20:45:00,International,Euro Cup,SWEDEN vs MONTENEGRO,3-1 (3-0),Asian handicap,SWEDEN -1.25,2.18,,80,94.40,Win,Radek Kovar,Football,2015-06-14 11:14:04
2015-06-10 20:45:00,International,International Friendly Games,GERMANY vs USA,1-2 (1-1),Asian handicap,USA +1.00,2.17,,80,93.60,Win,Radek Kovar,Football,2015-06-10 17:28:04
2015-06-10 06:00:00,International Youth,U20 World Cup,GHANA vs MALI,0-3 (0-1),Asian handicap,GHANA -0.75,2.19,,80,-80.00,Lost,Radek Kovar,Football,2015-06-08 23:34:04
2015-06-07 16:00:00,Denmark,SAS Ligaen,FC COPENHAGEN vs HOBRO IK,1-0 (0-0),Over / Under,Under +2.75,2.06,,80,84.80,Win,Radek Kovar,Football,2015-06-07 12:17:02
2015-06-06 20:45:00,European cups,UEFA Champions League,JUVENTUS TURIN vs FC BARCELONA,1-3 (0-1),Asian handicap,FC BARCELONA -1.00,2.11,,80,88.80,Win,Radek Kovar,Football,2015-06-06 08:08:02
2015-06-04 20:00:00,Ukraine,Ukraine Cup,FC DYNAMO KIEV vs FC SHAKHTAR DONETSK,5-4 (0-0),Over / Under,Under +2.25,2.14,,80,91.20,Win,Radek Kovar,Football,2015-06-04 09:40:06
2015-06-02 20:30:00,Poland,"Ekstraklasa, Relegation Round",ZAWISZA BYDGOSZCZ vs GKS PIAST GLIWICE,0-0 (0-0),Asian handicap,ZAWISZA BYDGOSZCZ -0.75,2.01,,100,-100.00,Lost,Radek Kovar,Football,2015-06-02 12:10:05
2015-06-01 20:00:00,Turkey,Bank Asya 1. Lig,ALANYASPOR vs SAMSUNSPOR,0-4 (0-0),Asian handicap,SAMSUNSPOR +0,2.21,,100,121.00,Win,Radek Kovar,Football,2015-06-01 15:00:05
2015-05-31 18:00:00,International,International Friendly Games,NORTHERN IRELAND vs QATAR,1-1 (0-0),Asian handicap,NORTHERN IRELAND -0.50,2.11,,100,-100.00,Lost,Radek Kovar,Football,2015-05-31 12:34:06
2015-05-29 16:00:00,Ukraine,Premier League,VOLYN LUTSK vs FC METALURG DONETSK,1-1 (1-1),Asian handicap,VOLYN LUTSK -1.00,2.15,,80,-80.00,Lost,Radek Kovar,Football,2015-05-29 11:42:05
2015-05-28 20:45:00,Scotland,"Premiership, Relegation",RANGERS FC vs MOTHERWELL FC,1-3 (0-2),Over / Under,Under +2.25,2.02,,80,-80.00,Lost,Radek Kovar,Football,2015-05-28 11:15:03
2015-05-27 20:45:00,European cups,UEFA Europa League,DNIPRO DNIPROPETROVSK vs SEVILLA FC,2-3 (2-2),Asian handicap,SEVILLA FC -0.75,1.93,,100,46.50,Half win,Radek Kovar,Football,2015-05-27 12:55:03
2015-05-24 18:30:00,England,League One,PRESTON NORTH END vs SWINDON TOWN,4-0 (3-0),Asian handicap,PRESTON NORTH END -0.50,2.21,,80,96.80,Win,Radek Kovar,Football,2015-05-24 11:46:03
2015-05-23 22:10:00,Argentina,Primera Division,CA ROSARIO CENTRAL vs ATLETICO LANUS,1-1 (0-1),Asian handicap,ATLETICO LANUS -0.50,1.95,,80,-80.00,Lost,Radek Kovar,Football,2015-05-23 19:30:04
2015-05-23 21:00:00,France,Ligue 1,RC LENS vs FC NANTES,1-0 (1-0),Asian handicap,FC NANTES -0.50,2.23,,80,-80.00,Lost,Radek Kovar,Football,2015-05-23 11:24:07
2015-05-23 17:30:00,Romania,Liga 1,FC VIITORUL CONSTANTA vs FC BRASOV,0-2 (0-2),Asian handicap,FC VIITORUL CONSTANTA -0.50,2.08,,80,-80.00,Lost,Radek Kovar,Football,2015-05-23 10:55:04
2015-05-23 17:15:00,Czech Republic,1st Division,1 FK PRIBRAM vs FC ZBROJOVKA BRNO,3-2 (1-1),Asian handicap,1 FK PRIBRAM -1.25,2.15,,80,-40.00,Half lost,Radek Kovar,Football,2015-05-23 10:29:02
2015-05-23 17:15:00,Czech Republic,1st Division,SK DYNAMO CESKE BUDEJOVICE vs SPARTA PRAGUE,1-3 (0-2),Asian handicap,SPARTA PRAGUE -1.75,2.04,,80,41.60,Half win,Radek Kovar,Football,2015-05-23 09:57:02
2015-05-22 21:30:00,Portugal,Liga Sagres,FC PORTO vs FC PENAFIEL,2-0 (0-0),Asian handicap,FC PORTO -3.00,1.96,,80,-80.00,Lost,Radek Kovar,Football,2015-05-22 14:29:02
2015-05-22 20:30:00,Italy,Serie B,PESCARA CALCIO vs AS LIVORNO,3-0 (1-0),Asian handicap,PESCARA CALCIO -0.25,2.01,,80,80.80,Win,Radek Kovar,Football,2015-05-22 13:48:05
2015-05-22 20:30:00,France,Ligue 2,AC HAVRE vs AJ AUXERRE,2-1 (1-0),Asian handicap,AC HAVRE -0.50,2.12,,80,89.60,Win,Radek Kovar,Football,2015-05-21 21:12:11
2015-05-22 20:00:00,France,National,DUNKERQUE vs ETOILE FREJUS SAINT-RAPHAEL,0-0 (0-0),Over / Under,Under +2.50,2.02,,80,81.60,Win,Radek Kovar,Football,2015-05-22 13:09:02
2015-05-21 20:00:00,Spain,Liga Adelante,RACING SANTANDER vs BETIS SEVILLA,2-4 (1-2),Asian handicap,BETIS SEVILLA -0.50,2.19,,80,95.20,Win,Radek Kovar,Football,2015-05-21 11:19:03
2015-05-20 20:45:00,England,Premier League,ARSENAL FC vs SUNDERLAND AFC,0-0 (0-0),Match Odds,Draw,6.00,,20,100.00,Win,Radek Kovar,Football,2015-05-20 10:03:06
2015-05-20 20:45:00,England,Premier League,ARSENAL FC vs SUNDERLAND AFC,0-0 (0-0),Over / Under,Under +2.75,2.14,,80,91.20,Win,Radek Kovar,Football,2015-05-20 10:00:07
2015-05-20 20:00:00,Spain,Liga Adelante,ALCORCON AD vs SPORTING GIJON,0-0 (0-0),Over / Under,Under +2.00,2.21,,80,96.80,Win,Radek Kovar,Football,2015-05-20 11:24:03
2015-05-20 18:00:00,Denmark,SAS Ligaen,ODENSE BK vs SILKEBORG IF,1-1 (0-0),Asian handicap,ODENSE BK -1.00,1.91,,80,-80.00,Lost,Radek Kovar,Football,2015-05-20 10:31:02
2015-05-19 16:30:00,Slovakia,1. Liga,MFK KOSICE vs ZP SPORT PODBREZOVA,5-0 (4-0),Asian handicap,MFK KOSICE -0.75,2.03,,80,82.40,Win,Radek Kovar,Football,2015-05-19 10:46:04
2015-05-18 21:00:00,England,Premier League,WEST BROMWICH ALBION vs CHELSEA FC,3-0 (1-0),Asian handicap,CHELSEA FC -0.75,2.09,,80,-80.00,Lost,Radek Kovar,Football,2015-05-18 12:23:02
2015-05-18 19:30:00,Romania,Liga 1,FC UNIVERSITATEA CLUJ vs AFC ASTRA GIURGIU,0-0 (0-0),Over / Under,Under +2.00,2.21,,80,96.80,Win,Radek Kovar,Football,2015-05-18 12:45:03
2015-05-17 19:00:00,Spain,Liga BBVA,ESPANYOL BARCELONA vs REAL MADRID,1-4 (0-0),Over / Under,Over +3.25,2.08,,80,86.40,Win,Radek Kovar,Football,2015-05-17 16:36:04
2015-05-17 19:00:00,Spain,Liga BBVA,GETAFE CF vs SD EIBAR,1-1 (1-1),Over / Under,Under +2.00,2.10,,80,0.00,Void,Radek Kovar,Football,2015-05-17 12:49:06
2015-05-17 15:30:00,Germany,2. Bundesliga,FC ST. PAULI vs VFL BOCHUM,5-1 (2-1),Asian handicap,FC ST. PAULI -0.75,2.11,,80,88.80,Win,Radek Kovar,Football,2015-05-17 13:06:04
2015-05-17 15:00:00,Switzerland,Challenge League,FC CHIASSO vs FC WINTERTHUR,0-0 (0-0),Over / Under,Under +2.50,2.08,,80,86.40,Win,Radek Kovar,Football,2015-05-17 13:22:07
2015-05-17 15:00:00,Italy,Serie A,TURIN FC vs AC CHIEVO VERONA,2-0 (0-0),Over / Under,Under +2.25,2.12,,80,44.80,Half win,Radek Kovar,Football,2015-05-17 12:32:03
2015-05-16 20:00:00,Spain,Liga Adelante,LAS PALMAS UD vs RECREATIVO HUELVA,3-0 (2-0),Over / Under,Under +2.50,2.08,,80,-80.00,Lost,Radek Kovar,Football,2015-05-16 13:23:06
2015-05-16 18:00:00,Italy,Serie A,INTER MILAN vs JUVENTUS TURIN,1-2 (1-1),Asian handicap,INTER MILAN -0.50,2.25,,80,-80.00,Lost,Radek Kovar,Football,2015-05-16 12:44:15
2015-05-16 16:00:00,England,Premier League,WEST HAM UTD vs EVERTON FC,1-2 (0-0),Over / Under,Under +2.25,2.21,,80,-80.00,Lost,Radek Kovar,Football,2015-05-16 12:23:11
2015-05-16 15:30:00,Germany,Bundesliga,HERTHA BSC vs EINTRACHT FRANKFURT,0-0 (0-0),Over / Under,Under +2.50,2.18,,80,94.40,Win,Radek Kovar,Football,2015-05-16 13:07:10
2015-05-15 20:45:00,Ireland,Airtricity Premier Division,DUNDALK FC vs DERRY CITY FC,1-0 (0-0),Asian handicap,DUNDALK FC -1.75,2.09,,100,-100.00,Lost,Radek Kovar,Football,2015-05-15 13:43:11
2015-05-15 20:30:00,Czech Republic,1st Division,SPARTA PRAGUE vs 1 FC SLOVACKO,5-2 (4-2),Asian handicap,SPARTA PRAGUE -2.00,2.00,,80,80.00,Win,Radek Kovar,Football,2015-05-15 12:08:02
2015-05-13 20:45:00,European cups,UEFA Champions League,REAL MADRID vs JUVENTUS TURIN,1-1 (1-0),Over / Under 1st Half,Under +1.00 Half time,2.11,,80,0.00,Void,Radek Kovar,Football,2015-05-13 11:50:09
2015-05-13 18:45:00,Turkey,Turkcell Super Lig,FENERBAHCE vs KAYSERI ERCIYESSPOR,1-1 (1-1),Asian handicap,FENERBAHCE -2.50,2.08,,80,-80.00,Lost,Radek Kovar,Football,2015-05-13 12:54:02
2015-05-12 20:45:00,European cups,UEFA Champions League,BAYERN MUNICH vs FC BARCELONA,3-2 (1-2),Asian handicap,FC BARCELONA +0,1.98,,80,-80.00,Lost,Radek Kovar,Football,2015-05-12 11:03:10
2015-05-11 20:45:00,Spain,Liga BBVA,RAYO VALLECANO vs GETAFE CF,2-0 (1-0),Asian handicap,RAYO VALLECANO -0.75,2.20,,80,96.00,Win,Radek Kovar,Football,2015-05-11 10:21:03
2015-05-10 19:00:00,Spain,Liga Adelante,RACING SANTANDER vs TENERIFE CD,1-0 (1-0),Over / Under,Under +2.00,2.08,,80,86.40,Win,Radek Kovar,Football,2015-05-10 13:44:08
2015-05-10 18:00:00,Turkey,Turkcell Super Lig,BESIKTAS ISTANBUL vs GAZIANTEPSPOR,1-1 (1-1),Asian handicap,BESIKTAS ISTANBUL -2.00,2.21,,80,-80.00,Lost,Radek Kovar,Football,2015-05-10 13:59:56
2015-05-10 18:00:00,Greece,Super League,ASTERAS TRIPOLIS vs AOK KERKYRA,2-0 (2-0),Over / Under,Under +2.75,2.08,,80,86.40,Win,Radek Kovar,Football,2015-05-10 13:21:10
2015-05-10 17:30:00,Germany,Bundesliga,1 FC COLOGNE vs FC SCHALKE 04,2-0 (1-0),Over / Under,Under +2.00,2.34,,80,0.00,Void,Radek Kovar,Football,2015-05-10 12:12:02
2015-05-09 17:00:00,Portugal,Liga Sagres,RIO AVE FC vs FC PACOS FERREIRA,0-0 (0-0),Over / Under,Under +2.00,2.28,,80,102.40,Win,Radek Kovar,Football,2015-05-09 09:01:09
2015-05-09 16:00:00,England,Premier League,ASTON VILLA vs WEST HAM UTD,1-0 (1-0),Asian handicap,ASTON VILLA -0.50,1.93,,80,74.40,Win,Radek Kovar,Football,2015-05-08 23:36:03
2015-05-08 20:30:00,Italy,Serie B,AS LIVORNO vs VIRTUS ENTELLA,2-1 (0-0),Over / Under,Under +2.25,1.95,,80,-80.00,Lost,Radek Kovar,Football,2015-05-08 14:58:08
2015-05-08 20:30:00,Belgium,Jupiler Pro League,KAA GENT vs ROYAL CHARLEROI SC,1-1 (1-0),Over / Under,Under +2.50,2.19,,80,95.20,Win,Radek Kovar,Football,2015-05-08 14:43:02
2015-05-08 20:00:00,France,Ligue 2,TROYES AC vs AC ARLES AVIGNON,4-0 (3-0),Asian handicap,TROYES AC -1.50,2.08,,80,86.40,Win,Radek Kovar,Football,2015-05-08 14:00:19
2015-05-08 18:30:00,Denmark,SAS Ligaen,RANDERS FC vs FC NORDSJALLAND,2-0 (1-0),Over / Under,Under +2.25,2.12,,80,44.80,Half win,Radek Kovar,Football,2015-05-08 11:45:04
2015-05-07 21:05:00,European cups,UEFA Europa League,SSC NAPOLI vs DNIPRO DNIPROPETROVSK,1-1 (0-0),Asian handicap,SSC NAPOLI -1.50,2.10,,80,-80.00,Lost,Radek Kovar,Football,2015-05-07 11:51:03
2015-05-06 20:45:00,European cups,UEFA Champions League,FC BARCELONA vs BAYERN MUNICH,3-0 (0-0),Asian handicap,FC BARCELONA -0.75,2.00,,100,100.00,Win,Radek Kovar,Football,2015-05-06 17:35:04
2015-05-04 21:00:00,England,Premier League,HULL CITY vs ARSENAL FC,1-3 (0-3),Asian handicap,ARSENAL FC -0.75,2.00,,80,80.00,Win,Radek Kovar,Football,2015-05-04 11:51:02
2015-05-04 20:45:00,Portugal,Liga Sagres,CF OS BELENENSES vs RIO AVE FC,1-3 (0-2),Over / Under,Under +2.00,2.05,,80,-80.00,Lost,Radek Kovar,Football,2015-05-04 11:33:03
2015-05-03 15:30:00,Germany,Bundesliga,1 FSV MAINZ 05 vs HAMBURGER SV,1-2 (0-1),Asian handicap,1 FSV MAINZ 05 -0.75,2.00,,100,-100.00,Lost,Radek Kovar,Football,2015-05-03 07:19:02
2015-05-03 15:00:00,Italy,Serie A,ATALANTA BERGAMASCA vs LAZIO ROMA,1-1 (0-0),Asian handicap,LAZIO ROMA -0.75,1.98,,80,-80.00,Lost,Radek Kovar,Football,2015-05-03 07:24:03
2015-05-03 12:00:00,Spain,Liga Adelante,PONFERRADINA SD vs REAL ZARAGOZA,1-1 (0-0),Asian handicap,PONFERRADINA SD -0.50,2.26,,100,-100.00,Lost,Radek Kovar,Football,2015-05-03 07:15:03
2015-05-03 01:00:00,USA,Major League Soccer,WASHINGTON DC UTD vs COLUMBUS CREW,2-0 (2-0),Over / Under,Over +2.50,2.03,,80,-80.00,Lost,Radek Kovar,Football,2015-05-02 20:06:19
2015-05-02 20:00:00,France,Ligue 1,OGC NICE vs SM CAEN,1-1 (1-1),Over / Under,Under +2.25,2.07,,60,32.10,Half win,Radek Kovar,Football,2015-05-02 15:49:13
2015-05-02 18:30:00,Spain,Liga Adelante,GIRONA FC vs CA OSASUNA,3-0 (1-0),Asian handicap,GIRONA FC -0.75,2.25,,100,125.00,Win,Radek Kovar,Football,2015-05-02 15:07:12
2015-05-02 18:30:00,England,Premier League,MANCHESTER UTD vs WEST BROMWICH ALBION,0-1 (0-0),Asian handicap,MANCHESTER UTD -1.50,2.14,,80,-80.00,Lost,Radek Kovar,Football,2015-05-02 13:45:06
2015-05-02 16:00:00,England,Premier League,WEST HAM UTD vs BURNLEY FC,1-0 (1-0),Over / Under,Under +2.25,2.09,,80,87.20,Win,Radek Kovar,Football,2015-05-02 13:42:17
2015-05-01 20:45:00,Scotland,Premier League,CELTIC FC vs FC DUNDEE,5-0 (2-0),Asian handicap,CELTIC FC -2.50,2.06,,80,84.80,Win,Radek Kovar,Football,2015-05-01 15:21:03
2015-05-01 20:30:00,Belgium,Jupiler Pro League,KVC WESTERLO vs SPORTING LOKEREN,4-3 (3-0),Asian handicap,SPORTING LOKEREN -0.75,2.14,,80,-80.00,Lost,Radek Kovar,Football,2015-05-01 15:12:09
2015-05-01 20:00:00,France,Ligue 2,TOURS FC vs CLERMONT FOOT,0-1 (0-0),Over / Under,Under +2.25,2.02,,80,81.60,Win,Radek Kovar,Football,2015-05-01 14:56:03
2015-04-29 22:00:00,Spain,Liga BBVA,VILLARREAL CF vs ATLETICO MADRID,0-1 (0-0),Match Odds,ATLETICO MADRID,2.20,,80,96.00,Win,Radek Kovar,Football,2015-04-29 12:14:03
2015-04-29 20:45:00,Italy,Serie A,US SASSUOLO vs AS ROMA,0-3 (0-2),Asian handicap,AS ROMA -0.75,1.98,,80,78.40,Win,Radek Kovar,Football,2015-04-29 11:37:02
2015-04-29 20:45:00,England,Premier League,LEICESTER CITY vs CHELSEA FC,1-3 (1-0),Over / Under,Under +2.25,1.98,,80,-80.00,Lost,Radek Kovar,Football,2015-04-29 11:12:03
2015-04-29 20:30:00,Poland,Ekstraklasa,KS CRACOVIA vs PGE GKS BELCHATOW,3-1 (0-1),Match Odds,KS CRACOVIA,2.03,,80,82.40,Win,Radek Kovar,Football,2015-04-29 13:01:04
2015-04-28 22:00:00,Spain,Liga BBVA,LEVANTE UD vs CORDOBA CF,1-0 (1-0),Asian handicap,LEVANTE UD -0.75,2.14,,80,45.60,Half win,Radek Kovar,Football,2015-04-28 12:31:02
2015-04-28 20:30:00,Italy,Serie B,FC CROTONE vs AS AVELLINO,2-0 (1-0),Asian handicap,FC CROTONE +0,2.00,,60,60.00,Win,Radek Kovar,Football,2015-04-28 14:19:02
2015-04-28 20:30:00,Italy,Serie B,TERNANA CALCIO vs FROSINONE CALCIO,0-1 (0-1),Over / Under,Under +2.25,1.97,,100,97.00,Win,Radek Kovar,Football,2015-04-28 14:06:10
2015-04-28 20:30:00,France,Ligue 2,AJ AUXERRE vs STADE LAVALLOIS MFC,1-1 (1-1),Over / Under,Under +2.00,2.19,,80,0.00,Void,Radek Kovar,Football,2015-04-28 12:45:03
2015-04-27 20:30:00,France,Ligue 2,CLERMONT FOOT vs FC SOCHAUX,0-0 (0-0),Over / Under,Under +2.00,2.08,,80,86.40,Win,Radek Kovar,Football,2015-04-27 12:00:07
2015-04-27 20:00:00,Romania,Liga 1,CEAHLAUL PIATRA NEAMT vs FC PETROLUL PLOIESTI,1-1 (0-0),Over / Under,Under +2.00,2.09,,80,0.00,Void,Radek Kovar,Football,2015-04-27 11:45:02
2015-04-27 19:00:00,Turkey,Turkcell Super Lig,BESIKTAS ISTANBUL vs KARDEMIR KARABUKSPOR,2-1 (1-0),Asian handicap,BESIKTAS ISTANBUL -1.00,2.01,,80,0.00,Void,Radek Kovar,Football,2015-04-27 11:30:06
2015-04-26 23:00:00,USA,Major League Soccer,NY RED BULLS vs LA GALAXY,1-1 (0-1),Asian handicap,NY RED BULLS -0.25,2.05,,80,-40.00,Half lost,Radek Kovar,Football,2015-04-26 18:55:02
2015-04-26 21:00:00,Spain,Liga BBVA,CELTA DE VIGO vs REAL MADRID,2-4 (2-3),Over / Under,Under +3.00,2.00,,80,-80.00,Lost,Radek Kovar,Football,2015-04-26 10:38:04
2015-04-26 19:00:00,Denmark,SAS Ligaen,RANDERS FC vs FC COPENHAGEN,3-0 (1-0),Over / Under,Under +2.00,2.11,,80,-80.00,Lost,Radek Kovar,Football,2015-04-26 16:58:03
2015-04-26 18:00:00,Italy,Serie A,AC FIORENTINA vs CAGLIARI CALCIO,1-3 (0-1),Over / Under,Under +3.00,2.03,,80,-80.00,Lost,Radek Kovar,Football,2015-04-26 12:28:14
2015-04-25 20:15:00,Czech Republic,1st Division,FC VIKTORIA PLZEN vs FK MLADA BOLESLAV,1-2 (0-1),Asian handicap,FC VIKTORIA PLZEN -1.50,1.99,,80,-80.00,Lost,Radek Kovar,Football,2015-04-25 16:32:04
2015-04-25 18:30:00,Germany,Bundesliga,BAYERN MUNICH vs HERTHA BSC,1-0 (0-0),Asian handicap,BAYERN MUNICH -2.25,2.13,,80,-80.00,Lost,Radek Kovar,Football,2015-04-25 16:07:07
2015-04-25 18:00:00,Turkey,Turkcell Super Lig,ESKISEHIRSPOR vs FENERBAHCE,1-1 (0-1),Asian handicap,FENERBAHCE -0.75,2.09,,80,-80.00,Lost,Radek Kovar,Football,2015-04-25 10:32:03
2015-04-25 18:00:00,Russia,Premier League,FC KRASNODAR vs FC LOKOMOTIV MOSCOW,1-0 (1-0),Asian handicap,FC KRASNODAR -0.75,2.09,,80,43.60,Half win,Radek Kovar,Football,2015-04-25 09:59:02
2015-04-25 13:00:00,Germany,2. Bundesliga,KARLSRUHER SC vs GREUTHER FURTH,2-1 (0-1),Asian handicap,KARLSRUHER SC -0.75,2.11,,80,44.40,Half win,Radek Kovar,Football,2015-04-25 11:00:07
2015-04-25 12:00:00,Russia,Premier League,FC AMKAR PERM vs RFK TEREK GROZNY,2-1 (1-1),Over / Under,Under +1.75,2.13,,80,-80.00,Lost,Radek Kovar,Football,2015-04-25 09:47:03
2015-04-24 20:45:00,Spain,Liga BBVA,CORDOBA CF vs ATHLETIC BILBAO,0-1 (0-0),Asian handicap,ATHLETIC BILBAO -0.50,1.98,,80,78.40,Win,Radek Kovar,Football,2015-04-24 18:24:02
2015-04-24 20:45:00,Ireland,Airtricity Premier Division,SAINT PATRICK'S ATHLETIC FC vs SLIGO ROVERS FC,3-0 (1-0),Asian handicap,SAINT PATRICK'S ATHLETIC FC -1.00,2.01,,80,80.80,Win,Radek Kovar,Football,2015-04-24 17:41:02
2015-04-24 19:00:00,Sweden,Allsvenskan,FALKENBERGS FF vs MALMO FF,3-3 (2-0),Asian handicap,MALMO FF -1.25,2.08,,80,-80.00,Lost,Radek Kovar,Football,2015-04-24 15:15:03
2015-04-24 17:00:00,Czech Republic,1st Division,FC VYSOCINA JIHLAVA vs FC BANIK OSTRAVA,2-0 (2-0),Asian handicap,FC VYSOCINA JIHLAVA -0.50,2.14,,80,91.20,Win,Radek Kovar,Football,2015-04-24 13:54:03
2015-04-20 20:45:00,Spain,Liga BBVA,ELCHE CF vs REAL SOCIEDAD,1-0 (1-0),Over / Under,Under +2.00,2.23,,100,123.00,Win,Radek Kovar,Football,2015-04-20 17:37:11
2015-04-20 20:15:00,Germany,2. Bundesliga,1 FC KAISERSLAUTERN vs RB LEIPZIG,1-1 (1-1),Over / Under,Under +2.25,2.00,,80,40.00,Half win,Radek Kovar,Football,2015-04-20 16:47:09
2015-04-19 23:15:00,Argentina,Primera Division,RIVER PLATE vs CA BANFIELD,4-1 (1-0),Asian handicap,RIVER PLATE -1.00,2.13,,80,90.40,Win,Radek Kovar,Football,2015-04-19 20:07:02
2015-04-19 18:00:00,Italy,Serie A,CAGLIARI CALCIO vs SSC NAPOLI,0-3 (0-2),Asian handicap,SSC NAPOLI -0.75,2.11,,80,88.80,Win,Radek Kovar,Football,2015-04-19 12:47:02
2015-04-19 17:00:00,Spain,Liga BBVA,GRANADA CF vs SEVILLA FC,1-1 (1-0),Asian handicap,SEVILLA FC -0.75,2.11,,80,-80.00,Lost,Radek Kovar,Football,2015-04-19 10:21:08
2015-04-19 15:00:00,Italy,Serie A,AC CHIEVO VERONA vs UDINESE CALCIO,1-1 (1-0),Over / Under,Under +2.00,2.09,,80,0.00,Void,Radek Kovar,Football,2015-04-19 12:32:02
2015-04-19 15:00:00,Russia,Premier League,RFK TEREK GROZNY vs FC DINAMO MOSCOW,0-0 (0-0),Asian handicap,FC DINAMO MOSCOW -0.25,2.10,,80,-40.00,Half lost,Radek Kovar,Football,2015-04-19 11:28:08
2015-04-18 20:15:00,Czech Republic,1st Division,FC SLOVAN LIBEREC vs SPARTA PRAGUE,2-1 (1-1),Over / Under,Under +2.25,2.02,,80,-80.00,Lost,Radek Kovar,Football,2015-04-18 16:22:02
2015-04-18 18:30:00,Ukraine,Premier League,FC ZORYA LUGANSK vs FC SHAKHTAR DONETSK,1-4 (1-1),Over / Under,Over +3.25,2.11,,80,88.80,Win,Radek Kovar,Football,2015-04-18 13:30:16
2015-04-18 15:00:00,Russia,Premier League,FC MORDOVIA SARANSK vs FC SPARTAK MOSCOW,1-3 (0-0),Over / Under,Under +2.00,2.07,,80,-80.00,Lost,Radek Kovar,Football,2015-04-18 12:05:09
2015-04-17 20:30:00,France,Ligue 1,FC NANTES vs OLYMPIQUE MARSEILLE,1-0 (1-0),Asian handicap,OLYMPIQUE MARSEILLE -0.75,2.20,,80,-80.00,Lost,Radek Kovar,Football,2015-04-17 17:57:03
2015-04-17 19:00:00,Bulgaria,"A PFG, Relegation Round",LEVSKI SOFIA vs LOKOMOTIV PLOVDIV,5-0 (1-0),Asian handicap,LEVSKI SOFIA -1.50,2.10,,80,88.00,Win,Radek Kovar,Football,2015-04-17 15:18:03
2015-04-17 18:30:00,Denmark,SAS Ligaen,FC MIDTJYLLAND vs SILKEBORG IF,1-0 (0-0),Asian handicap,FC MIDTJYLLAND -1.75,1.99,,80,-80.00,Lost,Radek Kovar,Football,2015-04-17 16:02:25
2015-04-17 01:00:00,USA,Major League Soccer,NEW YORK CITY FC vs PHILADELPHIA UNION,1-1 (0-0),Over / Under,Under +2.25,2.17,,80,46.80,Half win,Radek Kovar,Football,2015-04-16 22:05:05
2015-04-15 21:00:00,England,Championship,FULHAM FC vs ROTHERHAM UTD,1-1 (0-1),Over / Under,Under +2.50,2.18,,80,94.40,Win,Radek Kovar,Football,2015-04-15 17:11:02
2015-04-15 18:30:00,Italy,Serie A,GENOA FC vs PARMA FC,2-0 (1-0),Over / Under,Under +2.25,2.07,,80,42.80,Half win,Radek Kovar,Football,2015-04-15 16:14:07
2015-04-15 18:30:00,France,Ligue 1,OLYMPIQUE LYON vs SC BASTIA,2-0 (0-0),Asian handicap,OLYMPIQUE LYON -1.50,2.00,,80,80.00,Win,Radek Kovar,Football,2015-04-15 15:45:11
2015-04-14 20:45:00,England,League One,CHESTERFIELD FC vs COLCHESTER UTDFC,6-0 (3-0),Asian handicap,CHESTERFIELD FC -1.00,2.06,,80,84.80,Win,Radek Kovar,Football,2015-04-14 17:09:02
2015-04-14 20:45:00,England,Championship,DERBY COUNTY vs BLACKPOOL FC,4-0 (3-0),Asian handicap,DERBY COUNTY -2.00,2.03,,80,82.40,Win,Radek Kovar,Football,2015-04-14 14:35:03
2015-04-13 20:30:00,Italy,Serie B,PERUGIA vs AS VARESE,2-0 (1-0),Asian handicap,PERUGIA -1.25,2.06,,80,84.80,Win,Radek Kovar,Football,2015-04-13 16:35:04
2015-04-13 20:30:00,France,Ligue 2,SCO ANGERS vs VALENCIENNES FC,0-0 (0-0),Asian handicap,SCO ANGERS -0.75,2.00,,80,-80.00,Lost,Radek Kovar,Football,2015-04-13 16:14:04
2015-04-13 19:00:00,Denmark,SAS Ligaen,SILKEBORG IF vs FC COPENHAGEN,0-4 (0-2),Over / Under,Under +2.25,2.05,,80,-80.00,Lost,Radek Kovar,Football,2015-04-13 15:07:01
2015-04-13 16:15:00,Russia,Premier League,FC AMKAR PERM vs CSKA MOSCOW,1-0 (0-0),Asian handicap,CSKA MOSCOW -1.25,2.09,,80,-80.00,Lost,Radek Kovar,Football,2015-04-13 13:51:02
2015-04-12 23:15:00,Argentina,Primera Division,BOCA JUNIORS vs NUEVA CHICAGO,0-0 (0-0),Over / Under,Under +2.25,2.17,,80,93.60,Win,Radek Kovar,Football,2015-04-12 20:45:06
2015-04-12 19:00:00,Croatia,1. HNL,HNK RIJEKA vs NK ZAGREB,4-1 (2-0),Asian handicap,HNK RIJEKA -1.75,2.03,,80,82.40,Win,Radek Kovar,Football,2015-04-12 16:30:05
2015-04-12 17:30:00,Russia,Premier League,FC DINAMO MOSCOW vs FC MORDOVIA SARANSK,2-1 (2-0),Asian handicap,FC DINAMO MOSCOW -1.75,2.20,,80,-80.00,Lost,Radek Kovar,Football,2015-04-12 11:49:03
2015-04-12 14:45:00,Czech Republic,1st Division,FC VIKTORIA PLZEN vs FC ZBROJOVKA BRNO,4-1 (2-0),Asian handicap,FC VIKTORIA PLZEN -1.75,2.06,,80,84.80,Win,Radek Kovar,Football,2015-04-12 12:34:04
2015-04-11 22:00:00,Spain,Liga BBVA,UD ALMERIA vs GRANADA CF,3-0 (1-0),Over / Under,Under +2.25,1.96,,80,-80.00,Lost,Radek Kovar,Football,2015-04-11 17:50:50
2015-04-11 18:00:00,Romania,Liga 1,DINAMO BUCURESTI vs RAPID BUCURESTI,2-0 (1-0),Match Odds,DINAMO BUCURESTI,2.10,,80,88.00,Win,Radek Kovar,Football,2015-04-11 12:02:14
2015-04-11 16:00:00,Ukraine,Premier League,FC SHAKHTAR DONETSK vs CHERNOMORETS ODESSA,5-0 (0-0),Over / Under,Under +3.25,2.08,,80,-80.00,Lost,Radek Kovar,Football,2015-04-11 12:33:17
2015-04-10 20:15:00,Czech Republic,1st Division,BOHEMIANS 1905 vs FC BANIK OSTRAVA,0-2 (0-0),Over / Under,Under +2.00,1.93,,80,0.00,Void,Radek Kovar,Football,2015-04-10 16:15:31
2015-04-10 18:00:00,Croatia,1. HNL,NK LOKOMOTIVA ZAGREB vs NK OSIJEK,2-2 (1-0),Match Odds,NK LOKOMOTIVA ZAGREB,2.19,,80,-80.00,Lost,Radek Kovar,Football,2015-04-10 15:48:04
2015-04-08 20:00:00,Spain,Liga BBVA,DEPORTIVO LA CORUNA vs CORDOBA CF,1-1 (0-0),Over / Under,Under +2.25,1.93,,60,27.90,Half win,Radek Kovar,Football,2015-04-08 15:24:04
2015-04-08 20:00:00,Spain,Liga BBVA,FC BARCELONA vs UD ALMERIA,4-0 (1-0),Asian handicap,FC BARCELONA -3.75,1.95,,80,38.00,Half win,Radek Kovar,Football,2015-04-08 14:43:20
2015-04-08 19:30:00,Russia,Premier League,CSKA MOSCOW vs FC DINAMO MOSCOW,1-2 (1-2),Over / Under,Over +2.50,2.11,,80,88.80,Win,Radek Kovar,Football,2015-04-08 13:08:02
2015-04-08 18:30:00,Italy,Serie A,PARMA FC vs UDINESE CALCIO,1-0 (0-0),Over / Under,Under +2.25,1.85,,100,85.00,Win,Radek Kovar,Football,2015-04-08 14:19:03
2015-04-07 20:45:00,England,Championship,BLACKPOOL FC vs READING FC,1-1 (1-0),Over / Under,Under +2.25,2.03,,80,41.20,Half win,Radek Kovar,Football,2015-04-07 17:50:04
2015-04-06 21:00:00,Argentina,Primera Division,NUEVA CHICAGO vs CA BANFIELD,1-2 (0-1),Match Odds,CA BANFIELD,2.03,,80,82.40,Win,Radek Kovar,Football,2015-04-06 18:54:03
2015-04-06 18:15:00,England,Championship,WOLVERHAMPTON WANDERERS vs LEEDS UTD,4-3 (2-1),Asian handicap,WOLVERHAMPTON WANDERERS -1.00,2.03,,80,0.00,Void,Radek Kovar,Football,2015-04-06 12:02:06
2015-04-06 16:00:00,England,League Two,NORTHAMPTON TOWN vs CAMBRIDGE UTD FC,0-1 (0-1),Over / Under,Under +2.25,2.16,,80,92.80,Win,Radek Kovar,Football,2015-04-06 13:10:03
2015-04-06 16:00:00,England,League Two,BURY FC vs MORECAMBE FC,1-2 (1-0),Over / Under,Under +2.25,2.00,,80,-80.00,Lost,Radek Kovar,Football,2015-04-06 12:48:07
2015-04-06 16:00:00,England,League Two,ACCRINGTON STANLEY vs CARLISLE UTD,3-1 (1-0),Over / Under,Under +2.25,2.15,,80,-80.00,Lost,Radek Kovar,Football,2015-04-06 12:35:03
2015-04-05 23:15:00,Argentina,Primera Division,COLON DE SANTA FE vs CLUB OLIMPO,1-0 (0-0),Over / Under,Under +1.75,2.01,,80,80.80,Win,Radek Kovar,Football,2015-04-05 20:21:03
2015-04-05 22:00:00,Argentina,Primera Division,ATLETICO LANUS vs ARGENTINOS JRS,0-1 (0-0),Over / Under,Under +2.00,2.16,,80,92.80,Win,Radek Kovar,Football,2015-04-05 20:02:31
2015-04-04 20:00:00,Belgium,Jupiler Pro League,KVC WESTERLO vs ROYAL MOUSCRON,0-3 (0-1),Over / Under,Under +2.25,2.21,,80,-80.00,Lost,Radek Kovar,Football,2015-04-04 17:58:03
2015-04-04 15:00:00,Italy,Serie A,CAGLIARI CALCIO vs LAZIO ROMA,1-3 (0-1),Asian handicap,LAZIO ROMA -0.75,2.11,,80,88.80,Win,Radek Kovar,Football,2015-04-04 12:34:03
2015-04-03 16:00:00,England,Championship,FULHAM FC vs BRENTFORD FC,1-4 (0-1),Over / Under,Under +2.75,1.96,,80,-80.00,Lost,Radek Kovar,Football,2015-04-03 14:03:05
2015-04-03 16:00:00,England,League One,OLDHAM ATHLETIC vs BRISTOL CITY,1-1 (0-0),Asian handicap,BRISTOL CITY -0.50,1.94,,80,-80.00,Lost,Radek Kovar,Football,2015-04-03 13:56:02
2015-04-02 19:45:00,Switzerland,Challenge League,FC CHIASSO vs FC LE MONT LS,0-3 (0-1),Asian handicap,FC LE MONT LS +0.25,1.90,,80,72.00,Win,Radek Kovar,Football,2015-04-02 17:43:05
2015-03-31 02:10:00,Argentina,Primera Division,CA TIGRE vs DEFENSA Y JUSTICIA,0-0 (0-0),Asian handicap,CA TIGRE -0.50,2.11,,80,-80.00,Lost,Radek Kovar,Football,2015-03-30 16:50:04
2015-03-30 02:30:00,Argentina,Primera Division,GIMNASIA Y ESGRIMA vs RIVER PLATE,2-3 (0-2),Asian handicap,RIVER PLATE -0.25,2.16,,80,92.80,Win,Radek Kovar,Football,2015-03-29 21:09:03
2015-03-29 23:15:00,Argentina,Primera Division,UNION DE SANTA FE vs VELEZ SARSFIELD,1-0 (1-0),Over / Under,Under +2.00,2.13,,80,90.40,Win,Radek Kovar,Football,2015-03-29 20:54:08
2015-03-29 23:00:00,USA,Major League Soccer,CHICAGO FIRE vs PHILADELPHIA UNION,1-0 (1-0),Over / Under,Under +2.25,2.13,,80,90.40,Win,Radek Kovar,Football,2015-03-29 21:29:04
2015-03-28 16:00:00,England,League One,NOTTS COUNTY vs SCUNTHORPE UTD,2-2 (1-1),Over / Under,Under +2.25,2.11,,80,-80.00,Lost,Radek Kovar,Football,2015-03-28 13:58:10
2015-03-28 15:00:00,Italy,Serie B,SPEZIA CALCIO vs PESCARA CALCIO,2-2 (1-1),Over / Under,Over +2.50,2.09,,80,87.20,Win,Radek Kovar,Football,2015-03-28 12:19:02
2015-03-28 15:00:00,Italy,Serie B,BOLOGNA FC vs AS LIVORNO,2-0 (0-0),Over / Under,Under +2.00,2.11,,80,0.00,Void,Radek Kovar,Football,2015-03-28 12:05:13
2015-03-28 09:30:00,Australia,Hyundai A-League,MELBOURNE CITY FC vs BRISBANE ROAR FC,1-0 (1-0),Over / Under,Under +2.50,2.14,,80,91.20,Win,Radek Kovar,Football,2015-03-28 06:09:03
2015-03-27 20:45:00,England,League Two,ACCRINGTON STANLEY vs NEWPORT COUNTY,0-2 (0-0),Over / Under,Under +2.25,2.00,,80,40.00,Half win,Radek Kovar,Football,2015-03-27 15:23:02
2015-03-26 19:00:00,Denmark,Viasat Sport Divisionen,LYNGBY BK vs BRONSHOJ BK,0-0 (0-0),Asian handicap,LYNGBY BK -1.25,1.98,,80,-80.00,Lost,Radek Kovar,Football,2015-03-26 16:16:11
2015-03-25 20:45:00,International,International Friendly Games,SCOTLAND vs NORTHERN IRELAND,1-0 (0-0),Asian handicap,SCOTLAND -0.75,1.99,,80,39.60,Half win,Radek Kovar,Football,2015-03-25 01:31:02
2015-03-24 20:45:00,Scotland,First Division,COWDENBEATH FC vs FALKIRK FC,0-1 (0-0),Over / Under,Under +2.75,1.87,,80,69.60,Win,Radek Kovar,Football,2015-03-24 18:42:06
2015-03-24 20:45:00,England,League Two,LUTON TOWN vs WYCOMBE WANDERERS,2-3 (2-3),Over / Under,Over +2.00,1.89,,80,71.20,Win,Radek Kovar,Football,2015-03-24 18:32:03
2015-03-23 20:30:00,Italy,Serie B,AS VARESE vs FROSINONE CALCIO,1-4 (1-2),Over / Under,Under +2.75,1.99,,80,-80.00,Lost,Radek Kovar,Football,2015-03-23 16:22:03
2015-03-23 20:15:00,Germany,2. Bundesliga,1 FC NUREMBERG vs VFL BOCHUM,1-2 (0-1),Over / Under,Under +2.75,2.01,,80,-40.00,Half lost,Radek Kovar,Football,2015-03-23 15:57:02
2015-03-23 18:30:00,Greece,Super League,PLATANIAS FC vs KALLONI AEL FC,1-0 (0-0),Over / Under,Under +2.25,2.01,,80,80.80,Win,Radek Kovar,Football,2015-03-23 15:41:11
2015-03-22 17:30:00,Germany,Bundesliga,BAYERN MUNICH vs MONCHENGLADBACH,0-2 (0-1),Asian handicap,BAYERN MUNICH -2.00,2.12,,80,-80.00,Lost,Radek Kovar,Football,2015-03-22 15:21:05
2015-03-22 15:00:00,Italy,Serie A,JUVENTUS TURIN vs GENOA FC,1-0 (1-0),Over / Under,Under +2.75,1.84,,80,67.20,Win,Radek Kovar,Football,2015-03-22 12:19:09
2015-03-20 20:45:00,Spain,Liga BBVA,ELCHE CF vs VALENCIA CF,0-4 (0-1),Match Odds,VALENCIA CF,1.93,,80,74.40,Win,Radek Kovar,Football,2015-03-20 12:49:02
2015-03-20 20:00:00,France,Ligue 2,US ORLEANS 45 vs CHAMOIS NIORT FC,0-0 (0-0),Over / Under,Under +2.00,1.91,,80,72.80,Win,Radek Kovar,Football,2015-03-20 14:44:02
2015-03-20 20:00:00,France,Ligue 2,DIJON FCO vs VALENCIENNES FC,1-1 (1-1),Asian handicap,DIJON FCO -1.00,2.03,,80,-80.00,Lost,Radek Kovar,Football,2015-03-20 14:29:03
2015-03-20 18:00:00,Croatia,1. HNL,NK OSIJEK vs HNK RIJEKA,0-0 (0-0),Over / Under,Under +2.50,1.88,,80,70.40,Win,Radek Kovar,Football,2015-03-20 15:07:02
2015-03-19 15:45:00,Greece,Super League,OLYMPIACOS FC vs ASTERAS TRIPOLIS,2-0 (1-0),Over / Under,Under +2.75,2.06,,80,84.80,Win,Radek Kovar,Football,2015-03-19 11:24:02
2015-03-18 21:00:00,England,Championship,FULHAM FC vs LEEDS UTD,0-3 (0-1),Match Odds,Draw,3.63,,80,-80.00,Lost,Radek Kovar,Football,2015-03-18 15:32:08
2015-03-18 20:45:00,England,League Two,BURTON ALBION vs SOUTHEND UTD,2-1 (0-1),Over / Under,Under +2.00,2.05,,80,-80.00,Lost,Radek Kovar,Football,2015-03-18 15:25:03
2015-03-18 18:30:00,Switzerland,Axpo Super League,FC SION vs FC ST. GALLEN,3-0 (2-0),Both team to score,Yes,1.83,,80,-80.00,Lost,Radek Kovar,Football,2015-03-18 14:47:02
2015-03-18 16:15:00,Greece,Super League,LEVADIAKOS FC vs KALLONI AEL FC,3-0 (3-0),Over / Under,Under +2.50,1.96,,80,-80.00,Lost,Radek Kovar,Football,2015-03-18 14:01:05
2015-03-17 20:45:00,England,Championship,BLACKPOOL FC vs CHARLTON ATHLETIC,0-3 (0-1),Match Odds,CHARLTON ATHLETIC,2.09,,80,87.20,Win,Radek Kovar,Football,2015-03-17 17:56:28
2015-03-17 20:45:00,England,Championship,IPSWICH TOWN vs BOLTON WANDERERS,1-0 (0-0),Asian handicap,IPSWICH TOWN -0.75,1.83,,80,33.20,Half win,Radek Kovar,Football,2015-03-17 17:50:05
2015-03-17 20:45:00,England,League One,BRISTOL CITY vs CREWE ALEXANDRA FC,3-0 (2-0),Asian handicap,BRISTOL CITY -1.50,1.96,,80,76.80,Win,Radek Kovar,Football,2015-03-17 17:41:02
2015-03-17 20:45:00,England,League One,PRESTON NORTH END vs PETERBOROUGH UTD,2-0 (1-0),Asian handicap,PRESTON NORTH END -0.75,1.96,,80,76.80,Win,Radek Kovar,Football,2015-03-17 17:32:02
2015-03-16 20:45:00,Spain,Liga BBVA,GETAFE CF vs REAL SOCIEDAD,0-1 (0-0),Over / Under,Under +2.00,2.11,,80,88.80,Win,Radek Kovar,Football,2015-03-16 17:19:02
2015-03-15 21:00:00,France,Ligue 1,OLYMPIQUE MARSEILLE vs OLYMPIQUE LYON,0-0 (0-0),Over / Under,Over +2.75,1.97,,80,-80.00,Lost,Radek Kovar,Football,2015-03-15 16:14:03
2015-03-15 14:30:00,Italy,"Campionato Primavera, Girone B",PERUGIA vs VIRTUS LANCIANO,0-0,Match Odds,PERUGIA,2.00,,80,-80.00,Lost,Radek Kovar,Football,2015-03-14 11:47:12
2015-03-14 14:00:00,Russia,Premier League,CSKA MOSCOW vs FC MORDOVIA SARANSK,4-0 (2-0),Asian handicap,CSKA MOSCOW -1.50,2.13,,80,90.40,Win,Radek Kovar,Football,2015-03-14 10:44:03
2015-03-13 20:00:00,France,Ligue 2,CHAMOIS NIORT FC vs AC AJACCIO,1-0 (1-0),Over / Under,Under +2.00,1.93,,80,74.40,Win,Radek Kovar,Football,2015-03-13 18:00:06
2015-03-13 19:30:00,Romania,Liga 1,RAPID BUCURESTI vs FC PETROLUL PLOIESTI,1-1 (0-0),Over / Under,Under +2.00,2.07,,80,0.00,Void,Radek Kovar,Football,2015-03-13 16:35:04
2015-03-13 18:00:00,Poland,Ekstraklasa,KS CRACOVIA vs GKS PIAST GLIWICE,3-1 (1-0),Over / Under,Under +2.25,1.97,,80,-80.00,Lost,Radek Kovar,Football,2015-03-13 14:08:03
2015-03-13 09:40:00,Australia,Hyundai A-League,WESTERN SYDNEY vs MELBOURNE VICTORY,0-3 (0-1),Over / Under,Over +2.75,1.95,,80,38.00,Half win,Radek Kovar,Football,2015-03-12 23:56:03
2015-03-12 21:05:00,European cups,UEFA Europa League,AC FIORENTINA vs AS ROMA,1-1 (1-0),Over / Under,Under +2.25,1.91,,80,36.40,Half win,Radek Kovar,Football,2015-03-12 14:15:04
2015-03-12 19:00:00,European cups,UEFA Europa League,DNIPRO DNIPROPETROVSK vs AJAX AMSTERDAM,1-0 (1-0),Over / Under,Under +2.25,1.97,,80,77.60,Win,Radek Kovar,Football,2015-03-12 14:03:08
2015-03-12 19:00:00,European cups,UEFA Europa League,CLUB BRUGGE vs BESIKTAS ISTANBUL,2-1 (0-0),Over / Under,Under +2.25,1.93,,80,-80.00,Lost,Radek Kovar,Football,2015-03-12 13:48:03
2015-03-11 19:00:00,Germany,3.Liga,BORUSSIA DORTMUND II vs SG SONNENHOF GROSSASPACH,0-1 (0-1),Over / Under,Under +2.50,1.82,,80,65.60,Win,Radek Kovar,Football,2015-03-11 16:50:07
2015-03-11 10:30:00,Australia,Hyundai A-League,WESTERN SYDNEY vs MELBOURNE CITY FC,3-2 (1-1),Match Odds,Draw,3.40,,80,-80.00,Lost,Radek Kovar,Football,2015-03-10 23:38:04
2015-03-10 20:45:00,England,Skrill Premier,KIDDERMINSTER HARRIERS vs EASTLEIGH FC,1-3 (1-0),Match Odds,EASTLEIGH FC,2.82,,100,182.00,Win,Radek Kovar,Football,2015-03-10 17:55:03
2015-03-10 20:45:00,England,League One,YEOVIL TOWN vs BRISTOL CITY,0-3 (0-0),Match Odds,BRISTOL CITY,1.95,,100,95.00,Win,Radek Kovar,Football,2015-03-10 17:22:09
2015-03-10 20:00:00,France,National,SC AMIENS vs ETOILE FREJUS SAINT-RAPHAEL,1-1 (0-1),Match Odds,Draw,3.10,,80,168.00,Win,Radek Kovar,Football,2015-03-10 17:07:03
2015-03-09 20:30:00,Italy,Serie B,VIRTUS ENTELLA vs AS CITTADELLA,2-1 (1-0),Both team to score,Yes,1.83,,20,16.60,Win,Radek Kovar,Football,2015-03-09 11:34:11
2015-03-09 20:30:00,Italy,Serie B,VIRTUS ENTELLA vs AS CITTADELLA,2-1 (1-0),Match Odds,Draw,3.02,,80,-80.00,Lost,Radek Kovar,Football,2015-03-09 11:31:03
2015-03-09 19:00:00,Italy,Serie A,LAZIO ROMA vs AC FIORENTINA,4-0 (1-0),Over / Under,Under +2.50,1.91,,20,-20.00,Lost,Radek Kovar,Football,2015-03-09 11:24:03
2015-03-09 19:00:00,Italy,Serie A,LAZIO ROMA vs AC FIORENTINA,4-0 (1-0),Match Odds,Draw,3.48,,80,-80.00,Lost,Radek Kovar,Football,2015-03-09 11:18:03
2015-03-08 19:00:00,Denmark,SAS Ligaen,AALBORG BK vs RANDERS FC,2-1 (1-1),Match Odds,Draw,3.19,,80,-80.00,Lost,Radek Kovar,Football,2015-03-08 16:17:03
2015-03-08 18:15:00,Spain,Liga Adelante,RCD MALLORCA vs REAL ZARAGOZA,3-2 (2-2),Match Odds,Draw,3.28,,60,-60.00,Lost,Radek Kovar,Football,2015-03-08 16:09:03
2015-03-08 18:00:00,Portugal,Liga Sagres,GD ESTORIL PRAIA vs GIL VICENTE FC,1-1 (1-0),Match Odds,Draw,3.66,,60,159.60,Win,Radek Kovar,Football,2015-03-08 15:59:04
2015-03-08 18:00:00,Poland,Ekstraklasa,WKS SLASK WROCLAW vs LEGIA WARSAW,1-3 (1-2),Match Odds,Draw,3.37,,60,-60.00,Lost,Radek Kovar,Football,2015-03-08 15:51:03
2015-03-08 15:00:00,Turkey,Bank Asya 1. Lig,ALTINORDU vs BOLUSPOR,1-2 (0-1),Match Odds,Draw,3.28,,60,-60.00,Lost,Radek Kovar,Football,2015-03-08 12:18:04
2015-03-06 20:45:00,Spain,Liga BBVA,LEVANTE UD vs SD EIBAR,2-1 (0-0),Match Odds,Draw,3.30,,60,-60.00,Lost,Radek Kovar,Football,2015-03-06 14:55:03
2015-03-04 20:45:00,England,Championship,SHEFFIELD WEDNESDAY vs BLACKBURN ROVERS,1-2 (0-2),Match Odds,Draw,3.44,,20,-20.00,Lost,Radek Kovar,Football,2015-03-04 14:39:02
2015-03-03 20:45:00,England,League One,FLEETWOOD TOWN vs SCUNTHORPE UTD,2-2 (1-1),Match Odds,Draw,3.50,,20,50.00,Win,Radek Kovar,Football,2015-03-03 17:45:11
2015-02-28 07:00:00,Australia,Hyundai A-League,NEWCASTLE UNITED JETS FC vs CENTRAL COAST MARINERS FC,0-0 (0-0),Match Odds,Draw,3.51,,60,150.60,Win,Radek Kovar,Football,2015-02-27 22:59:03
2015-02-28 02:30:00,Mexico,"Primera Division, Clausura",MONARCAS MORELIA vs JAGUARES DE CHIAPAS,3-2 (0-1),Match Odds,Draw,3.30,,60,-60.00,Lost,Radek Kovar,Football,2015-02-27 22:43:03
2015-02-27 21:00:00,Italy,Serie B,BOLOGNA FC vs VICENZA CALCIO,0-2 (0-1),Match Odds,Draw,3.40,,60,-60.00,Lost,Radek Kovar,Football,2015-02-27 18:11:02
2015-02-27 20:00:00,Netherlands,Jupiler League,FC VOLENDAM vs FC EMMEN,3-2 (2-2),Match Odds,Draw,3.75,,60,-60.00,Lost,Radek Kovar,Football,2015-02-27 17:52:03
2015-02-27 18:30:00,Germany,2. Bundesliga,VFL BOCHUM vs FSV FRANKFURT,3-3 (1-0),Match Odds,Draw,3.46,,60,147.60,Win,Radek Kovar,Football,2015-02-27 16:00:06
2015-02-27 18:00:00,Poland,Ekstraklasa,RUCH CHORZOW vs KS LECHIA GDANSK,1-1 (0-1),Match Odds,Draw,3.10,,60,126.00,Win,Radek Kovar,Football,2015-02-27 15:46:02
2015-02-26 19:00:00,European cups,UEFA Europa League,INTER MILAN vs CELTIC FC,1-0 (0-0),Over / Under,Over +2.50,1.84,,100,-100.00,Lost,Radek Kovar,Football,2015-02-26 12:26:04
2015-02-24 20:45:00,England,Championship,HUDDERSFIELD TOWN vs READING FC,3-0 (1-0),Match Odds,Draw,3.43,,40,-40.00,Lost,Radek Kovar,Football,2015-02-24 15:13:03
2015-02-24 20:45:00,European cups,UEFA Champions League,MANCHESTER CITY vs FC BARCELONA,1-2 (0-2),Match Odds,Draw,3.67,,40,-40.00,Lost,Radek Kovar,Football,2015-02-24 14:53:02
2015-02-24 19:00:00,Germany,3.Liga,SG SONNENHOF GROSSASPACH vs SPVGG UNTERHACHING,1-4 (1-1),Match Odds,Draw,3.40,,40,-40.00,Lost,Radek Kovar,Football,2015-02-24 15:04:08
2015-02-23 20:30:00,France,Ligue 2,OLYMPIQUE NIMES vs FC SOCHAUX,2-1 (0-0),Match Odds,Draw,3.06,,40,-40.00,Lost,Radek Kovar,Football,2015-02-23 15:21:04
2015-02-23 20:00:00,Netherlands,Jupiler League,JONG AJAX vs FC DEN BOSCH,0-0 (0-0),Match Odds,Draw,3.88,,40,115.20,Win,Radek Kovar,Football,2015-02-23 14:50:13
2015-02-22 21:00:00,France,Ligue 1,AS SAINT ETIENNE vs OLYMPIQUE MARSEILLE,2-2 (0-0),Match Odds,Draw,3.29,,40,91.60,Win,Radek Kovar,Football,2015-02-22 15:53:01
2015-02-22 04:00:00,Mexico,"Primera Division, Clausura",JAGUARES DE CHIAPAS vs UANL TIGRES,1-0 (1-0),Match Odds,Draw,3.13,,40,-40.00,Lost,Radek Kovar,Football,2015-02-21 20:31:02
2015-02-22 02:00:00,Mexico,"Primera Division, Clausura",CF MONTERREY vs GALLOS BLANCOS QUERETARO,2-1 (0-0),Match Odds,Draw,3.31,,40,-40.00,Lost,Radek Kovar,Football,2015-02-21 20:18:09
2015-02-21 16:00:00,England,Premier League,SUNDERLAND AFC vs WEST BROMWICH ALBION,0-0 (0-0),Match Odds,Draw,3.20,,40,88.00,Win,Radek Kovar,Football,2015-02-21 13:44:02
2015-02-21 16:00:00,England,League One,ROCHDALE FC vs CHESTERFIELD FC,1-0 (0-0),Match Odds,Draw,3.55,,40,-40.00,Lost,Radek Kovar,Football,2015-02-21 13:38:03
2015-02-21 02:30:00,Mexico,"Primera Division, Clausura",MONARCAS MORELIA vs FC PUEBLA,1-2 (1-1),Match Odds,Draw,3.30,,12,-12.00,Lost,Radek Kovar,Football,2015-02-20 20:34:03
2015-02-20 19:00:00,Turkey,Turkcell Super Lig,KAYSERI ERCIYESSPOR vs KONYASPOR,3-0 (3-0),Match Odds,Draw,3.31,,20,-20.00,Lost,Radek Kovar,Football,2015-02-20 16:53:02
2015-02-18 20:45:00,European cups,UEFA Champions League,FC BASEL vs FC PORTO,1-1 (1-0),Match Odds,Draw,3.26,,100,226.00,Win,Radek Kovar,Football,2015-02-18 18:07:06
2015-02-17 20:45:00,European cups,UEFA Champions League,PARIS ST GERMAIN vs CHELSEA FC,1-1 (0-1),Match Odds,CHELSEA FC,2.80,,100,-100.00,Lost,Radek Kovar,Football,2015-02-17 17:57:02
2015-02-14 14:00:00,Germany,3.Liga,SSV JAHN REGENSBURG vs VFB STUTTGART II,4-1 (1-1),Match Odds,Draw,3.42,,4,-4.00,Lost,Radek Kovar,Football,2015-02-14 12:00:07
2015-02-13 20:00:00,France,Ligue 2,US CRETEIL vs VALENCIENNES FC,0-0 (0-0),Match Odds,US CRETEIL,1.98,,100,-100.00,Lost,Radek Kovar,Football,2015-02-13 17:40:05
2015-02-13 09:40:00,Australia,Hyundai A-League,CENTRAL COAST MARINERS FC vs BRISBANE ROAR FC,0-2 (0-0),Match Odds,BRISBANE ROAR FC,2.49,,31,46.19,Win,Radek Kovar,Football,2015-02-12 21:29:02
2015-02-11 21:00:00,England,Premier League,CRYSTAL PALACE vs NEWCASTLE UTD,1-1 (0-1),Match Odds,Draw,3.33,,20,46.60,Win,Radek Kovar,Football,2015-02-11 18:01:05
2015-02-10 21:00:00,England,Championship,BOLTON WANDERERS vs FULHAM FC,3-1 (1-1),Match Odds,Draw,3.45,,20,-20.00,Lost,Radek Kovar,Football,2015-02-10 18:49:02
2015-02-10 20:45:00,England,League Two,EXETER CITY vs CAMBRIDGE UTD FC,2-2 (0-1),Match Odds,Draw,3.37,,20,47.40,Win,Radek Kovar,Football,2015-02-10 18:40:04
2015-02-10 20:45:00,England,League One,BARNSLEY FC vs FLEETWOOD TOWN,1-2 (1-2),Match Odds,Draw,3.30,,20,-20.00,Lost,Radek Kovar,Football,2015-02-10 18:30:05
2015-02-09 20:45:00,Spain,Liga BBVA,ELCHE CF vs RAYO VALLECANO,2-0 (1-0),Match Odds,Draw,3.23,,20,-20.00,Lost,Radek Kovar,Football,2015-02-09 18:59:02
2015-02-09 20:00:00,Netherlands,Jupiler League,ALMERE CITY FC vs FC EINDHOVEN,2-1 (0-1),Match Odds,Draw,3.66,,20,-20.00,Lost,Radek Kovar,Football,2015-02-09 17:00:12
2015-02-09 00:00:00,Mexico,"Primera Division, Clausura",LEONES NEGROS UDG vs ATLAS,0-2 (0-1),Match Odds,Draw,3.06,,20,-20.00,Lost,Radek Kovar,Football,2015-02-08 21:00:05
2015-02-08 21:00:00,Portugal,Liga Sagres,SPORTING CP vs BENFICA LISBON,1-1 (0-0),Match Odds,Draw,3.34,,20,46.80,Win,Radek Kovar,Football,2015-02-08 16:58:02
2015-02-08 18:00:00,Italy,Serie B,TERNANA CALCIO vs BRESCIA CALCIO,2-1 (0-1),Match Odds,Draw,3.10,,20,-20.00,Lost,Radek Kovar,Football,2015-02-08 15:46:02
2015-02-08 16:45:00,Netherlands,Eredivisie,FC GRONINGEN vs AZ ALKMAAR,2-4 (2-1),Match Odds,Draw,3.54,,20,-20.00,Lost,Radek Kovar,Football,2015-02-08 13:34:03
2015-02-08 13:00:00,England,Premier League,BURNLEY FC vs WEST BROMWICH ALBION,2-2 (2-1),Match Odds,Draw,3.22,,20,44.40,Win,Radek Kovar,Football,2015-02-08 10:25:02
2015-02-08 03:06:00,Mexico,"Primera Division, Clausura",CF PACHUCA vs DEPORTIVO TOLUCA,1-1 (1-0),Match Odds,Draw,3.16,,20,43.20,Win,Radek Kovar,Football,2015-02-07 22:31:02
2015-02-07 20:00:00,France,Ligue 1,STADE REIMS vs FC LORIENT,1-3 (1-0),Match Odds,Draw,3.36,,20,-20.00,Lost,Radek Kovar,Football,2015-02-07 17:59:01
2015-02-07 16:00:00,England,League Two,CAMBRIDGE UTD FC vs WYCOMBE WANDERERS,0-1 (0-0),Match Odds,Draw,3.25,,20,-20.00,Lost,Radek Kovar,Football,2015-02-07 13:24:07
2015-02-07 16:00:00,England,League One,FLEETWOOD TOWN vs PETERBOROUGH UTD,1-1 (0-0),Match Odds,Draw,3.40,,20,48.00,Win,Radek Kovar,Football,2015-02-07 13:03:10
2015-02-07 16:00:00,Spain,Liga BBVA,ATLETICO MADRID vs REAL MADRID,4-0 (2-0),Match Odds,Draw,3.51,,20,-20.00,Lost,Radek Kovar,Football,2015-02-07 12:54:09
2015-02-07 16:00:00,England,Championship,LEEDS UTD vs BRENTFORD FC,0-1 (0-0),Match Odds,Draw,3.40,,20,-20.00,Lost,Radek Kovar,Football,2015-02-07 12:41:14
2015-02-07 15:00:00,Italy,Serie B,VIRTUS ENTELLA vs SPEZIA CALCIO,2-0 (0-0),Match Odds,Draw,3.10,,20,-20.00,Lost,Radek Kovar,Football,2015-02-07 11:03:14
2015-02-06 17:30:00,Turkey,Bank Asya 1. Lig,SANLIURFASPOR vs ANTALYASPOR,2-3 (0-2),Match Odds,Draw,3.33,,20,-20.00,Lost,Radek Kovar,Football,2015-02-06 15:08:02
2015-02-05 20:00:00,Chile,"Primera Division, Clausura",CD COBRELOA CALAMA vs O`HIGGINS FC,0-0 (0-0),Match Odds,Draw,3.58,,19,49.02,Win,Radek Kovar,Football,2015-02-05 13:58:05
2015-02-04 20:45:00,Netherlands,Eredivisie,CAMBUUR LEEUWARDEN vs VITESSE ARNHEM,0-2 (0-1),Match Odds,Draw,3.66,,20,-20.00,Lost,Radek Kovar,Football,2015-02-04 13:59:05
2015-02-04 20:00:00,Germany,Bundesliga,SC PADERBORN vs HAMBURGER SV,0-3 (0-1),Match Odds,Draw,3.48,,20,-20.00,Lost,Radek Kovar,Football,2015-02-04 13:45:03
2015-02-04 20:00:00,Chile,"Primera Division, Clausura",COBRESAL vs AUDAX ITALIANO,3-1 (0-0),Match Odds,Draw,3.53,,20,-20.00,Lost,Radek Kovar,Football,2015-02-04 13:39:02
2015-02-04 14:00:00,Greece,Super League,AOK KERKYRA vs LEVADIAKOS FC,0-0 (0-0),Match Odds,Draw,3.15,,20,43.00,Win,Radek Kovar,Football,2015-02-04 12:11:03
2015-02-03 20:45:00,England,League One,BARNSLEY FC vs OLDHAM ATHLETIC,1-0 (1-0),Match Odds,Draw,3.50,,19,-19.00,Lost,Radek Kovar,Football,2015-02-03 11:00:08
2015-02-03 19:00:00,Germany,3.Liga,BORUSSIA DORTMUND II vs SV WEHEN WIESBADEN,0-0 (0-0),Match Odds,Draw,3.36,,19,44.84,Win,Radek Kovar,Football,2015-02-03 10:56:03
2015-02-02 18:00:00,Israel,Premier League,HAPOEL RAANANA vs ASHDOD SC,2-0 (1-0),Match Odds,Draw,3.20,,20,-20.00,Lost,Radek Kovar,Football,2015-02-02 13:44:02
2015-02-01 17:00:00,Portugal,Liga Sagres,GIL VICENTE FC vs VITORIA SETUBAL,1-1 (1-0),Match Odds,Draw,3.22,,19,42.18,Win,Radek Kovar,Football,2015-02-01 12:33:02
2015-02-01 17:00:00,Portugal,Liga Sagres,RIO AVE FC vs GD ESTORIL PRAIA,2-1 (1-0),Match Odds,Draw,3.19,,19,-19.00,Lost,Radek Kovar,Football,2015-02-01 12:22:02
2015-02-01 16:00:00,Portugal,Liga Vitalis,SC OLHANENSE vs CD FEIRENSE,0-0 (0-0),Match Odds,Draw,3.27,,19,43.13,Win,Radek Kovar,Football,2015-02-01 11:54:02
2015-02-01 16:00:00,Portugal,Liga Vitalis,SPORTING FARENSE vs CF UNIAO MADEIRA,0-5 (0-3),Match Odds,Draw,3.25,,19,-19.00,Lost,Radek Kovar,Football,2015-02-01 11:50:07
2015-01-31 18:00:00,Spain,Liga Adelante,PONFERRADINA SD vs SPORTING GIJON,0-2 (0-1),Match Odds,Draw,3.14,,20,-20.00,Lost,Radek Kovar,Football,2015-01-31 15:57:02
2015-01-31 16:00:00,England,Premier League,WEST BROMWICH ALBION vs TOTTENHAM HOTSPUR,0-3 (0-2),Match Odds,Draw,3.30,,20,-20.00,Lost,Radek Kovar,Football,2015-01-31 12:10:03
2015-01-31 15:30:00,Germany,Bundesliga,SC FREIBURG vs EINTRACHT FRANKFURT,4-1 (0-1),Match Odds,Draw,3.74,,20,-20.00,Lost,Radek Kovar,Football,2015-01-31 11:51:03
2015-01-31 14:00:00,Germany,3.Liga,HALLESCHER FC vs MSV DUISBURG,1-2 (0-1),Match Odds,Draw,3.26,,20,-20.00,Lost,Radek Kovar,Football,2015-01-31 11:30:14
2015-01-31 13:45:00,England,Premier League,HULL CITY vs NEWCASTLE UTD,0-3 (0-1),Match Odds,Draw,3.27,,20,-20.00,Lost,Radek Kovar,Football,2015-01-31 11:08:02
